laptop_nbr,item_id,name,brand,price,rating,review
1,183906479,"Laptop Dell Latitude 5300 , Laptop 13.3"" Intel Core i5-8365U 1.6GHz up to 4.1GHz, 8GB DDR4 RAM, 256GB SSD Laptop",No Brand,39450,4.666666666666667,21
2,496127676,Dell Wyse 5470 Thin Client Laptop Intel Celeron N4100 8GB RAM 256GB SSD 14 Inch FHD Display Windows 10 Home with Free Wireless Keyboard Mouse 1 Year Warranty Nepal,No Brand,33199,5.0,1
3,511961371,"DELL inspiron 15 AMD Ryzen 5 Quad Core 7520U - (16 GB/512 GB SSD/Windows 11 Home) Inspiron 3535 Laptop Laptop (15.6 Inch, Platinum Silver, 1.63 kg, With MS Office)",No Brand,78100,,
4,511941121,"HP VICTUS 15 I5 13TH GEN 13420H 8GB RAM 512GB SSD RTX3050-6GB VRAM 15.6"" 144HZ FHD DISPLAY 1 YEAR WARRENTY",,102500,,
5,156116586,Acer NITRO V 16 AMD Ryzen 7 8845HS RTX 3050 6GB Graphics – 16GB DDR5 RAM – 512GB NVMe SSD – 16″ WUXGA 165Hz Display – Windows 11 Home,No Brand,133999,5.0,1
6,488108320,Great Asia TkE-140C | 16/256 | SSD | HD display,No Brand,38958,4.0,2
7,109660305,HP 15.6 inch FHD Laptop | Intel Core i3-N305 Processor | Intel UHD Graphics Silver | 8GB RAM | 128GB SSD | Windows 11 Home,,49000,5.0,3
8,479583083,Lenovo IdeaPad Slim 3 Intel Core i5 13th Gen 13420H – 16GB DDR5 RAM – 512GB NVMe SSD – Intel Integrated Graphics – 15.6″ FHD Display – Arctic Grey,No Brand,89000,,
9,511919736,"Acer Swift Neo OLED AI PC Intel Core Ultra 5 115U - (16 GB/512 GB SSD/Windows 11 Home) SFN14-54H Thin and Light Laptop (14 Inch, Metallic Brown, 1.3 Kg, With MS Office)",No Brand,102499,,
10,129691037,Acer Aspire lite Core 3 N355 -13th Gen 8GB RAM-512GB SS-14 FHD 2 Years Warranty,No Brand,58897,5.0,1
11,480136334,Acer Aspire 3 Intel Celeron N4500 | 8 GB RAM | 256GB SSD | 15.6 ” FHD | 1 Year Warranty,No Brand,47990,5.0,1
12,504693812,Laptop i7 8th Gen Dell Latitude 5300 Laptop 13.3 - Intel Core i7 8th Gen - i7-8665U - Quad Core 4.8Ghz - 256GB SSD - 8GB RAM - 1920x1080 FHD - Windows 11 Pro,No Brand,47300,,
13,506367970,MacBook Pro 14 inch M5 Chip,Apple,279900,,
14,500372213,ASUS Vivobook X1404 Intel Core i3 13th Gen 1315U – 8GB DDR4 RAM – 256GB NVMe SSD – 14.0″ FHD (1920 x 1080) Display – Intel® UHD Graphics – Windows 11 – Quiet Blue,No Brand,58500,,0
15,501844879,Lenovo Ideapad Slim 3 RYZEN 3 -7320U | 8GB RAM | 512GB SSD |14″ FHD | Backlit Keyboard | Win 11 | 1 Years Warranty,No Brand,58990,,
16,482617368,Acer Aspire AMD Ryzen 5 - 7430 / 16GB RAM/ 512GB SSD |15.6 FHD IPS Display,No Brand,78000,,
17,510602212,Asus Vivobook 15 Core 5 120U 14th Gen |16GB RAM| 512GB SSD |15.6″ FHD| Win11 | 1 Years Warranty,No Brand,80990,,
18,511935583,"DELL 15 DC15250  i5 13TH GEN 1334U 8GB RAM 512GB SSD 15.6"" FHD DISPLAY Backlite Black 1 YEAR WARRENTY",Dell,76500,,
19,511952455,Dell Latitude 5300,Della Stella,35000,,
20,511936134,"HP VICTUS 15 RYZEN 5 8645HS 16GB RAM 512GB SSD RTX3050-6GB VRAM 15.6"" 144HZ DISPLAY 1 YEAR WARRENTY",,105500,,
21,482566766,"Acer Aspire 3 | Intel Celeron N4500 | 8GB RAM | 256GB SSD | 15.6"" FHD | Silver",No Brand,49000,,
22,458250339,HP Victus 15 AMD Ryzen 7 7445HS – RTX 4050 6GB Graphics – 16GB DDR5 RAM – 512GB NVMe SSD – 15.6″ FHD 144Hz Display – Windows 11 Home – Backlit Keyboard – Black,No Brand,129540,,
23,509036417,"Lenovo V14 G4 IRU i5 1335U | 8GB RAM | 512GB SSD | 14"" FHD Display | 1 Year Warranty",No Brand,79000,,
24,117770489,"Apple MacBook Air 13.6"" M2/8C CPU/8C GPU/16GB/256GB - EvoStore",Apple,119900,4.826086956521739,23
25,505350961,"HP 15.6"" Laptop 15-fd0113dx – Intel Core i3 N305, 8GB RAM, 128GB UFS, Natural Silver",,56133,,
26,499663921,"HP OmniBook 5 Flip 14-FP0023 Core™ 7 150U 512GB SSD 16GB 14"" (1920x1200) TOUCHSCREEN WIN11 GLACIER SILVER Backlit Keyboard.Laptop",No Brand,121500,,
27,511957839,Dell Inspiron 7445-A124CLD 2-in-1 AMD Ryzen 5-8640HS | 16GB RAM | 512GB SSD |14 ” FHD Touch Screen | Backlit Keyboard | Win 11 | 1 Years Warranty,No Brand,108990,,
28,500256668,"Lenovo Laptop Idea pad Slim 3 Ryzen 5 7520U | 8GB DDR5 | 256GB SSD | 14"" FHD | Arctic Grey",No Brand,64999,,
29,474836422,ASUS ROG Strix G16 G615JHR | Intel Core i7 14th Gen 14650HX | 16GB RAM| 1TB NVMe SSD| 16.0'' WQXGA 240Hz Display | NVIDIA RTX 5050 - 8GB| Windows 11| ROG Backpack | Mouse| Volt Green | 2 Year Int'l Warranty | 1 Year Perfect Warranty - Nagmani Internationa,ASUS,269900,,
30,128021709,"Lenovo V15 Intel Core i5-1235U, 8GB RAM 256GB SSD, 15.6""FHD",No Brand,64997,,
31,512553047,"HP Victus 15-FA2013 Gaming Laptop | Core i5-13420H | RTX 3050 6GB | 8GB RAM | 512GB SSD | 15.6"" FHD 144Hz",No Brand,105000,,
32,511345156,ASUS E1504FA Ryzen 5 7520 8GB RAM 512GB SSD 15.6 inch Laptop,ASUS,75141,,
33,147025,HP Probook-440-G1/ i5/ 4th Gen/ 4GB / 500GB / 14'' Notebook - Black/Silver,Generic,70000,,
34,511938158,"Lenovo Ideapad Slim 3i i5 13th Gen | 16GB RAM | 512GB SSD | 15.3"" WUXGA Display | BKLIT KB 1 Year Warranty",Lenovo,92500,,
35,510296300,"Lenovo IdeaPad Slim 3 (AMD Ryzen 3 7320U Processor | 8GB RAM | 256GB SSD | 15.6"" FHD (1920 x 1080) IPS Display | 1 Year Warranty)",Lenovo,62000,,
36,511872565,"Dell Latitude 3410 14"" No Notebook - 1920 x 1280 - Core i5 i5-10310U 10th Gen 1.7GHz Hexa-core (6 Core) - 8GB RAM - 256GB SSD",No Brand,52200,,
37,511901388,MACBOOK AIR M4  10 CORE CPU 10 CORE GPU 16GB MEMORY 512GGB STORAGE,Apple,198000,,
38,509027735,"Laptop Dell Latitude 5300 , Laptop 13.3"" Intel Core i5-8365U 1.6GHz up to 4.1GHz, 8GB DDR4 RAM, 256GB SSD",No Brand,44500,,
39,511449056,Lenovo IP Slim 3 Core i3- 1305U 13th Gen | 8 GB RAM | 512 GB SSD | 14″ FHD | Win 11,No Brand,59990,,
40,481711952,"Dell Wyse 5470 Intel Celeron , 8GB RAM 256GB SSD, 14.0"" FHD. BLACK COLOR",No Brand,48000,,
41,512717735,"acer Aspire Lite, 13th Gen Intel Core i3-1305U, 8GB RAM, 512GB SSD, FHD, 15.6""/39.62cm, Windows 11 Home,",No Brand,37000,,
42,412102944,"ASUS Vivobook S 15 - (S5507QA) Snapdragon® X Elite X1E 78 100 Processor | 16 GB RAM | 1 TB Gen 4 SSD |15.6"" 3K OLED | Backlit Keyboard | Type C | Backpack | 2 Year Int'l Warranty | 1 year Perfect Warranty - Nagmani International",ASUS,165900,,
43,511134549,Lenovo ThinkPad T14 Gen5 Ultra 5-125U| 16GB RAM | 512GB SSD|14″ WUXGA IPS| Win11 Pro | 1 Years Warranty,No Brand,178990,,
44,128951880,"Dell Vostro 3520 | Core™ i5-1235U | 8GB | 256GB | 15.6"" FHD | UBUNTU",No Brand,63500,,
45,510089694,"Acer Aspire 3 Slimbook (Intel Celeron N4500 Processor | 8GB RAM | 256GB SSD | 15.6"" FHD (1920 x 1080) IPS Display | 1 Year Warranty)",Acer,44500,,
46,308897412,"Dell Vostro 3530 Laptop i5 13th Gen | 16GB RAM | 512GB SSD | 15.6"" 120Hz FHD | Black",Dell,76499,,
47,481768053,"HP Notebook 15 | Intel Core i5 13th Gen | 8GB RAM 512GB SSD | 15.6"" Full HD Display | Backlit | Silver | Win11",No Brand,91999,,
48,510936632,Acer Aspire Lite 15 Laptop Intel Core i7 13620H 16GB RAM 512GB SSD 15.6 inch FHD,Acer,94050,,
49,510327418,Acer Aspire Go AMD Ryzen 5-7520U | 8GB RAM | 512GB SSD |15.6″ FHD IPS Touch Screen| Win11 | 1 Years Warranty,No Brand,70990,,
50,129508715,HP 240 G9 Notebook With I7 Processor 8 GB RAM 512 GB SSD 14 Inch 12th Gen,No Brand,84999,,
51,509171667,Acer Aspire Lite 14 { Intel Core i3 N355 | 8GB RAM | 512GB SSD | Intel UHD Graphics },Acer,70000,,
52,505148472,"ASUS Vivobook 14 X1405VA Laptop - 13th Gen Intel Core i5-13420H Processor | 8GB DDR4 RAM | 512GB NVMe SSD | 14"" WUXGA IPS Display | Windows 11 Home | Backlit | Fingerprint | Free Bag & Mouse | 2-Year International Warranty + 1-Year Perfect Insurance",No Brand,90102,,
53,510101032,"Acer Aspire 3 Slimbook (AMD Ryzen 7 7730U Processor | 16GB RAM | 512GB SSD | 15.6"" FHD (1920 x 1080) IPS Display | AMD Radeon Graphics | 1 Year Warranty)",Acer,82000,,
54,481726505,"Dell inspiron 14 5440 i5 13th Gen | 8GB RAM | 512GB SSD | 14.2"" 120Hz FHD | Black",No Brand,89000,,
55,129241266,"Dell Inspiron 15 3530 - i5 1335U | 8GB RAM | 512GB SSD | 5.6"" FHD TUCH Display | 1 Year Warranty",No Brand,77000,,
56,156012778,"Lenovo IdeaPad Slim 5 | Core Ultra 5 125H | 16GB RAM | 512GB SSD | 14"" WUXGA OLED | Backlit Keyboard | 1 Year Warranty - Nagmani International",Lenovo,145900,,
57,499667983,"Asus VivoBook X1404VA-I512256 Core™ i5-1334U 256GB SSD 12GB 14"" (1920x1080) WIN11 Laptop",No Brand,78990,,
58,503280683,"Asus Vivobook Core 5 14th generation with 1 year warranty Perfect for work, study, and everyday performance. • Intel Core i5-120U • 8GB RAM • 512GB SSD • 15.6” FHD Display • Sleek Silver Finish A powerful machine designed for modern life.",No Brand,77000,,
59,506587941,HP 15-FD0150WM | INTEL CORE 5 PROCESSOR | 16 GB RAM | 512 GB SSD STORAGE | 15.6″ INCH TOUCH DISPLAY | SILVER,,80999,,
60,501280461,"Acer Aspire Lite | Intel Core i5-1334U 13th Gen | 16GB DDR5 RAM | 512GB SSD | 14"" WUXGA IPS Display | Light Silver",No Brand,85139,,
61,510203523,HP NoteBook 15 (INTEL CORE™ 5 120U Processor | 16 GB RAM | 512 GB SSD Storage | 15.6″ Inch FHD Touch Display | Intel Integrated Graphics | Backlit),,86000,,
62,511145414,Lenovo ThinkPad E14 Core 5-210H 15th Gen | 16GB RAM | 512GB SSD | 14″ FHD(1920×1200) | Backlit keyboard | Win11 Pro | 1 Years Warranty,No Brand,152990,,
63,512621927,"Acer TravelLite AMD Ryzen 5 7430U - (16 GB/512 GB SSD/Windows 11 Home) TL04-41M Notebook (14 Inch, Black, 1.34 kg)",No Brand,75999,,
64,402522919,"ASUS Vivobook S14 - S3407VA | 14.0-inch, WUXGA | Intel Core i7 - 13620H | 16GB RAM | 1TB Gen 4 SSD | Windows 11 | Cool Silver | Backpack | Mouse | 2 Year Int'l Warranty | 1 Year Perfect Warranty - Nagmani International",ASUS,145900,,
65,437352098,"Acer Aspire 14 Core 5 120U 14th Gen / 8 GB DDR5 RAM/ 512GB SSD/14"" WUXGA IPS/ Win 11",No Brand,83150,,
66,500287355,"ASUS Vivobook 15X OLED X1503ZA - i3 1220P | 12th Gen | 8 GB RAM | 256 GB SSD | 15.6"" OLED | Fingerprint | Windows 11 | Quiet Blue | Backlit KB | Backpack | Mouse | 2 Year Int'l Warranty | 1 year Perfect Warranty - Nagmani International",ASUS,78000,,
67,115314712,"MSI Laptop Modern 15 A11MU (11th Gen i5 -1155G7 | 8 GB RAM | 512GB SSD | 15.6"" FHD 100% sRGB | Backlit Keyboard | USB-C | Win 10 Home)",,71000,,
68,510196878,HP OMNIBOOK FLIP 5 (2-IN-1) – Intel Core 5 120U – 8GB LPDDR5 RAM – 512GB NVMe Gen 4 SSD – Integrated Intel Graphics – 14″ 2K (1920 x 1200) Touch Display – Backlight Keyboard – Windows 11 Home – Silver,,93000,,
69,510094353,"Acer Aspire 15 2024 (Ryzen 5 8640HS, 16GB, 512GB, 15.6'' FHD)",Acer,92000,,
70,500066593,Asus Vivobook X1504V Core i5 1334U 13th Gen | 16GB RAM | 512GB SSD | 15.6 ” FHD | Win 11 | 1 Years Warranty,No Brand,82990,,
71,374215735,Apple | MacBook Air (13-inch) M4 - 16GB/256GB - EvoStore,Apple,152500,5.0,1
72,509831802,"Lenovo LOQ Gaming Laptop 2025 - (15.6"" FHD 144Hz Display | Intel i5-12450HX | 8 GB RAM | 512GB SSD | RTX 2050 4GB | Windows 11 | Backlit KB | 2 Year Warranty)",No Brand,125000,,
73,168905943,"ASUS Vivobook Go E1404FA - Ryzen 5 7520U | 14"" FHD Display | 8GB RAM| 512GB SSD | Fingerprint | Backlit | Backpack | Mouse | Win11 | Cool Silver | Grey Green | 2 Yrs Int'l Warranty - NAGMANI INTERNATIONAL",ASUS,75900,,
74,110589718,"DELL VOSTRO 3510 / I5-1135G7 / 8GB / 256GB SSD/ 15.6"" FHD/BEST BUSINESS LAPTOP FOR ALL / 8GB RAM LAPTOP 256GB SSD LAPTOP/ LAPTOPS / FOR OFFICE / HOME / STUDENTS",No Brand,81999,,
75,509047386,"Dell Inspiron 15 3530 - i5 1335U | 8GB RAM | 512GB SSD | 15.6"" FHD Display | 1 Year Warranty",No Brand,92000,,
76,511345998,Asus Vivobook X1404VA Core i3-1315U 13th Gen | 8 GB RAM | 256GB SSD | 14″ FHD | Win 11 | 1 Years Warranty,No Brand,57990,,
77,479769034,"Lenovo LOQ - AX9E Gaming Laptop 2025 - (Intel Core i7 12650HX | RTX 4050 | Windows 11 | 16GB RAM | 512 SSD | 15.6"" FHD (1920x1080) 144Hz display | 2 Year warranty) - Nagmani International",Lenovo,170900,,
78,499671809,"Asus ROG STRIX G16 G615JMR-AS74 GAMING Core™ i7-14650HX 1TB SSD 16GB 16"" (1920x1200) 3ms 165Hz WIN11 NVIDIA® RTX 5060 8192MB Backlit Keyboard.Laptop",No Brand,299000,,
79,127390207,"Dell Latitude 3510 (15""/10th generation i5 processor / 4GB RAM / 1TB SATA)",No Brand,76000,,
80,506905262,"Acer Aspire Go 15 Laptop 15.3"" WUXGA(1920 x 1200) IPS Display, Intel i5-1334U, 8GB DDR5 RAM, 256GB PCIe SSD, Windows 11 Home Wi-Fi 6, Bluetooth Steel Gray",Acer,72999,,
81,512751027,"Lenovo IdeaPad Slim 3, AMD Ryzen 5 5625U, 8GB RAM, 512GB SSD, FHD 15.6""(39.6cm), Windows 11, Office Home 2024, Grey, 1.6Kg, 82XM011AIN,",No Brand,42000,,
82,512715742,"Lenovo IdeaPad Slim 3 13th Gen Intel Core i5-13420H 15.3""(38.8cm) WUXGA IPS Laptop(16GB RAM/512GB SSD/Win 11/Office Home 2024/Backlit/1Yr ADP Free",No Brand,72000,,
83,167919296,"MSI Modern 14 F13MG Laptop (13th Gen Intel Core i5 | 16GB RAM | 512GB SSD | 14"" FHD IPS | Wi-Fi 6E | Backlit Keyboard | USB-C | 1.5KG)",,80000,,
84,511640882,Acer Aspire Lite Ryzen 5-7430U | 16 GB RAM | 512GB SSD | 15.6 “FHD | Win 11 | 1 Years Warranty,No Brand,80990,,
85,115317236,MSI Modern 15 A11MU | 11th Gen i7 -1195G7| 8 GB RAM | 512GB SSD | Intel Iris Xe | Win 10,,79500,,
86,510318805,Lenovo LOQ 15IAX9E Core i5-12450HX | 8 GB RAM | 512GB SSD |15.6″ FHD 144Hz | RTX 4050 6GB | Win 11 | 1 Years Warranty,No Brand,114990,,
87,103151188,"Dell 5406 i5 11th / 8GB / 256GB SSD / 14"" Touch 360",Dell,110000,,
88,510215217,"HP Victus 15 (Ryzen 5 8645HS | 16GB RAM | 512GB SSD | Nvidia GeForce RTX 3050 6GB GDDR6 Graphics | 15.6""FHD IPS 144Hz Display | Windows 11 Gaming Laptop | Blue | 1 Year Warranty)",,117000,,
89,164156661,Dell Latitude 14 5440 Intel Core i7 13th Gen 1365U – 16GB DDR4 RAM – 1TB NVMe SSD – Intel Integrated Graphics – 14″ FHD Touchscreen Display – Backlit Keyboard,No Brand,139999,,
90,511959322,"HP EliteBook 1030 G8 i5 11th Gen 13.3 FULL HD x360 Multi-Touch 2-in-1, 16GB RAM, 512GB SSD,Windows 101Pro",,65000,,
91,510091330,"Acer Aspire Lite 14  Intel® Core i5-1334U | 16GB RAM | 512GB SSD | 13th Gen | Intel Iris Xe Graphics | 14"" WUXGA IPS Display | Windows 11 Laptop | Light Silver | 2 Years Warranty Acer Aspire Lite 14 (AL14-52M-54V4) Intel® Core i5-1334U | 8",Acer,85000,,
92,508459167,HP ELITEBOOK 8 GB RAM /256 GB SSD SILVER LAPTOP,No Brand,80000,,
93,503793270,Dell Pro 14 PC14250 | Core 5 120U | 8GB | 512GB SSD | FHD+ | Non-Backlit | UBT,No Brand,90300,,
94,507952931,Dell Pro 14 PC14250 | Core 5 120U | 8GB | 512GB SSD | FHD+ | Backlit | UBT,No Brand,92400,,
95,499681545,"Acer Aspire Go AG15-51P-510U Core™ i5-1334U 256GB SSD 8GB 15.3"" (1920x1200) WIN11 Laptop",No Brand,74990,,
96,512702988,"acer Aspire Go 14,14th Gen, Intel Core Ultra 5 125H, 16GB DDR5, 512GB Win 11, MS Office,",No Brand,58000,,
97,510318798,Asus VivoBook X1404VA Core i7-1355U 13th Gen| 12GB RAM |512GB SSD |14″ FHD(1920×1080) | Win11 |1 Years Warranty,No Brand,96990,,
98,511446108,Dell Inspiron i3530 Core i5 8GB RAM 512GB SSD 15.6 Inch Laptop,Dell,77220,,
99,499257452,"Lenovo All-in-One ThinkCentre Neo 50a 24 Gen 5 – Intel Core i3-1315U, 8GB RAM, 512GB SSD, WiFi + Bluetooth, 5.0 MP Camera, 24’’ Display, Wireless Keyboard & Mouse, Free Dos, Wireless Mobile Charger (inbuilt in the Base),  Nagmani International",Lenovo,91900,,
100,110305751,"HP ProBook Intel Core i5 6th Gen 256GB SSD 8GB RAM 14"" Intel HD Laptop",No Brand,75900,,
101,511160364,Acer Nitro V15 i9 13900H RTX 4060 16GB RAM 512GB SSD 15.6 FHD 165Hz,Acer,170280,,
102,459032985,ASUS ZENBOOK 14 OLED - UX3405CA - 15 Gen Intel Core Ultra 5 225H | 16 GB RAM | 512GB SSD PCIe Gen 4 | 14 inch WUXGA Touchscreen | Genuine Win 11 | Ponder Blue | NUMPAD | 2 Year Int'l Warranty | 1 Year Perfect Warranty - Nagmani International,ASUS,168900,,
103,511353936,Lenovo Ideapad 1 N4500 | 4GB RAM | 256GB SSD | 14″ HD | Win 11 | 1 Years Warranty,No Brand,41990,,
104,272817388,"Lenovo ThinkBook 14 G7- Ryzen 5 7535HS, 14'' WUXGA (1920x1200), 16GB, 512GB SSD, Win 11 Home, Backlit KB, 1 Year Warranty - NAGMANI INTERNATIONAL",Lenovo,129900,,
105,490650593,"Asus Vivobook X1504VA i5 1334U 13th Gen | 16GB RAM | 512GB SSD | 15.6"" FHD | SILVER",No Brand,88999,,
106,481779014,Acer Vero 16 | Intel Core Ultra 5 125U Processor | 8GB RAM | 512GB SSD | Intel Integrated Graphics | 16-inch FHD (1920 x 1200) Display,No Brand,90387,,
107,511326274,ASUS Vivobook 14 X1404VA Core i7 1355U 12GB RAM 512GB SSD 14 inch FHD Laptop,ASUS,91500,,
108,510032311,"Dell Wyse 5470 – Efficient Thin Client Performance (9th Gen Intel Celeron N4100 Processor | 4GB RAM | 256GB SSD Storage | 14"" (FHD, 1920 x 1080) IPS Display | Intel UHD 600 Graphics Card | Backlit Keyboard | Wi-Fi 5 & BT 5.0 | TPM 2.0 | 1 Year Warranty)",Dell,45000,,
109,511940229,"ASUS Vivobook X1504V – Intel Core i5‑120U, 8GB DDR4 RAM, 512GB Gen4 SSD, Intel Graphics, 15.6"" FHD Display (1 Slot Expandable)",ASUS,71999,,
110,499681509,"HP OmniBook X Flip 14-FM0023 Core™ 7 256V 1TB SSD 16GB 14"" (1920x1200) TOUCHSCREEN WIN11 ATMOSPHERIC BLUE Backlit Keyboard Laptop",No Brand,153990,,
111,511347976,Acer Aspire Go 15 Core 3-N355 | 8GB RAM | 256GB SSD | 15.6 ” FHD | Win 11 Home | 1Years Warranty,No Brand,58990,,
112,129906928,"Dell XPS 13 Plus Core i7 12th Gen/ 32 GB DDR 5 RAM/ 1TB SSD/ 13.4"" FHD/ Backlit Keyboard/ Win 11",No Brand,217790,,
113,511944059,"ASUS VIVOBOOK X1404V I3 1315U DDR4 8GB 256GB SSD 14""FHD 1 YEAR",ASUS,55500,,
114,490911548,"Asus Vivobook R1502VA i7 13620H 13th Gen | 16GB RAM | 1TB NVMe SSD |15.6"" FHD | Backlit Keyboard | Quiet Blue",No Brand,110999,,
115,511642996,"HP EliteBook 655 G10 | Ryzen 5 Pro 7530U | 32GB RAM | 1TB SSD | 15.6"" Laptop",,113850,,
116,510632789,Dell Inspiron 14 Copilot+ Laptop | Snapdragon X Plus | 16GB RAM | 1TB SSD | 14″ WUXGA IPS | Backlit Keyboard,Dell,116819,,
117,477936385,"Lenovo V15 G4 - 13th Gen, Intel Core i7 13620H, 15.6"" FHD, 16GB DDR4 RAM, 512GB NVMe SSD, Iron Grey, 1 Year Warranty - Nagmani International",Lenovo,123900,,
118,186867964,Dell Latitude 3450 | 13th Gen i7-1355U | 8Gb | 512 SSD | Win11 Pro License | 3yrs warranty,No Brand,135400,,
119,499896381,Dell Pro 14 PC14250 Core 5 120U 14th Gen | 8 GB RAM | 512 GB SSD | 14 ” FHD | 3 Years Warranty,No Brand,95030,,
120,510634614,"Lenovo LOQ 15 Gaming Laptop | Ryzen 5 7235HS | RTX 4050 6GB  | 16GB RAM | 512GB SSD | 15.6"" FHD 144Hz",Lenovo,122760,,
121,477915798,"Lenovo V14 G4 - 13th Gen, Intel Core i7 1355U, 14"" FHD, 16GB DDR4 RAM, 512GB NVMe SSD, 45WHr Battery, 1 Year Warranty - Nagmani International",Lenovo,118900,,
122,510222055,"Lenovo LOQ 15IAX9E 2025 (Intel Core i5 12450HX Processor | 16GB RAM | 512GB SSD | NVIDIA GeForce RTX 3050 6GB GDDR6 Graphics | 15.6"" FHD (1920 x 1080) 144Hz 100% sRGB IPS Display | 1 Year Warranty)",Lenovo,115000,,
123,511652850,"Lenovo IdeaPad 1i 83B40006US | Intel Core i5-1335U | 8GB RAM | 256GB SSD | 15.6"" FHD Laptop",Lenovo,69300,,
124,499254330,"Lenovo ThinkCentre Neo 50t Gen 5 – Intel Core i5-14400, 8GB RAM, 512GB SSD, WiFi 6 + Bluetooth 5.1, Slim DVD ROM, Card Reader, USB Keyboard & Mouse, Free DOS, 18.5'' Monitor, 3 Year Warranty - Nagmani International",Lenovo,106900,,
125,479740836,"Lenovo Thinkpad  Yoga L13 (2-in-1) Gen 5 - Core Ultra 7 155U, 13.3"" WUXGA Multi-Touch 360° display - 100% sRGB, 16GB, 1TB Gen4 NVMe SSD, Stylus, Fingerprint, Windows 11 Professional, Backlit KB,  3 Years Warranty  - Nagmani International Pvt.Ltd",Lenovo,255900,,
126,136402282,"Dell Vostro 15 3520 Core i7 - 1255U 12th Gen/ 8 GB RAM/ 512GB SSD/15.6"" FHD/Win 11",No Brand,97010,,
127,510318812,Dell Latitude 5350 Core Ultra 7 165U| 16GB RAM | 512GB SSD |13.3″FHD | Backlit Keyboard | Win11 |1 Years Warranty,No Brand,162990,,
128,510196973,HP Victus 15 | Gaming laptop | Core i5-13420H | 16 GB RAM | 512 GB SSD | 15.6″ FHD 144Hz Display | NVIDIA RTX 4050 6GB | Backlit Keyboard | 1 Year Warranty,,128000,,
129,511936182,"LENOVO IDEAPAD 1 RYZEN 5 8GB RAM 256GB SSD 15.6"" DISPLAY 1 YEAR WARRENTY",Lenovo,65499,,
130,413515938,ASUS TUF Gaming A15 FA506NC - 7TH | RYZEN 5 7535HS | 8GB | 512 GB G4 NVMe SSD | 15.6 FHD IPS 144 Hz | RTX 3050 4G | BACKLIT KB | Genuine Windows 11 | 2 Year Int'l Warranty | 1 Year Perfect Warranty - Nagmani International,ASUS,120900,,
131,508292566,"AVITA Laptop LIBER E 14"" INCH AMD R5 5500U 8GB RAM, 256GB SSD",No Brand,65000,,
132,459042820,Asus VivoBook 14 X1405VA -13th Gen Intel Core i5 13420H | 8GB | 512GB SSD | 14'' WUXGA | Win11 | Backlit Keyboard | Fingerprint | Bag | Mouse | Cool Silver | 2 Year Int'l Warranty | 1 year Perfect Warranty - Nagmani International,ASUS,97900,,
133,146756,Dell Inspiron 3467/ i5/ 7th Gen/ 4GB/ 1TB/ 2GB Graphics/14 Notebook - Black,Dell,70000,,
134,278349183,ASUS ZENBOOK 14 OLED - UX3405CA - 15 Gen Intel Core Ultra 7 255H | 16 GB RAM | 1TB SSD PCIe Gen 4 | 14 inch 3k Oled Touchscreen | Genuine Win 11 | Ponder Blue | NUMPAD | 2 Year Int'l Warranty | 1 Year Perfect Warranty - NAGMANI NTERNATIONAL,ASUS,223900,,
135,511935180,"HPR74050 HP Victus 15 Ryzen 7 7445HS 16GB DDR5 512GB SSD 15.6"" FHD 144Hz RTX4050 6GB Backlit Keyboard Win 11 Home 1 Year Warranty",,116900,,
136,412068412,"Asus Vivobook S 14 OLED - S5406MA - Intel Core Ultra 7 155H Processor | 16GB | 1TB Gen 4 SSD | 14"" 3K OLED 120Hz | RGB Keyboard | Type-C | 2 Year Int'l Warranty | 1 Year Perfect Warranty - Nagmani International",ASUS,195900,,
137,493074990,ASUS ZENBOOK 14 OLED - UM3406KA - AMD AI RYZEN 7 350 | 16 GB RAM | 1TB SSD PCIe Gen 4 | 14 inch 3K OLED | Genuine Win 11 | JADE BLACK | NUMPAD | 2 Year Int'l Warranty | 1 Year Perfect Warranty - Nagmani International,ASUS,184900,,
138,413138326,ASUS VIVOBOOK FLIP S14 TP3402VA -13TH GEN | i7 13700H | 16 GB RAM | 1 TB NVMe SSD |14 WUXGA IPS TOUCH 360 | BACKLIT KB | Fingerprint | Genuine Win 11 | Silver Color | Backpack & mouse | 2 Year Int'l Warranty | 1 Year Perfect Warranty - Nagmani Internation,ASUS,152900,,
139,511448059,Acer Nitro V16 AMD Ryzen 5 240 | 16GB RAM |512GB SSD |16″ FHD 180Hz | Backlit Keyboard | RTX 5050 8GB | Win11 |1 Years Warranty,No Brand,141990,,
140,129859375,"Microsoft Surface Laptop 4 Core i7-1185G7 /8GB RAM/ 512GB SSD / 15"" (2496x1664) Touch /Backlit Keyboard/ Win 11 Pro",No Brand,178190,,
141,150138678,"ASUS Vivobook X1404VA | Intel Core 7 150U processor| 16GB RAM | 1TB SSD | 14"" FHD (1920 x 1080) display | WIN 11| Cool Silver| Backlit Keyboard | Backpack| Mouse | 2 yrs Warranty -NAGMANI INTERNATIONAL",ASUS,144900,,
142,185154894,"Lenovo ThinkPad T14 Gen 5, Intel Core Ultra 7-155U | 16 GB DDR5 | 512 GB SSD | 14"" WUXGA (1920x1200) IPS, Touch-Screen | Intel® AI Boost | Backlit Keyboard | Win 11",No Brand,239084,,
143,510325429,Lenovo LOQ 15IRX10 Gaming Core i5 13450HX 13th Gen| 16GB RAM |512GB SSD|15.6″ FHD144Hz |RTX 5050 8GB| Backlit Keyboard |Win11 |1 Years Warranty,No Brand,144990,,
144,510033084,Acer Nitro V 16 | Intel Core I5-14450HX Processor | 16 GB RAM | 512 GB SSD Storage | 16 Inch (1920X1200) 165HZ Display | NVIDIA GeForce RTX 4050 6GB Graphics | Backlit Keyboard,Acer,135000,,
145,168137082,"MSI Cyborg 15 A13UC Gaming Laptop (13th Gen Intel Core i5 | 16GB RAM | 512GB Gen4 SSD | 15.6"" FHD 144Hz | NVIDIA RTX 3050 4GB)",,119000,,
146,508263870,Asus A410 | 4GB RAM | 256 GB SSD Portable Black Laptop,No Brand,65000,,
147,511947191,Dell Inspiron 3530 Core i5-1334U| 8GB RAM | 512 GB SSD | 15.6 ” FHD | Backlit Keyboard | Finger Print Reader | Win 11 | 1 Years Warranty,No Brand,82990,,
148,159777257,ASUS TUF Gaming A15 Gaming- Ryzen 7 7435HS | 8 GB DDR5 RAM | 512 SSD | RTX 2050 4 GB | Win11 | 2 Year Warranty,No Brand,112850,,
149,499707005,"Acer NITRO V 16 ANV16-42-R309 GAMING AMD Ryzen™ 5 240 512GB SSD 16GB 16"" (1920x1200) 180Hz WIN11 NVIDIA® RTX 5050 8192MB Backlit Keyboard Laptop",No Brand,149990,,
150,479759808,"Lenovo Legion Pro 7i Gaming Laptop 2025 - Intel Core Ultra 9 275HX | RTX 5080 | Windows 11 | 32GB RAM | 1TB SSD | 16"" WQXGA OLED 240Hz display | Eclipse Black | 2 Year warranty - Nagmani International",Lenovo,552900,,
151,108625403,"Dell 3501 i5 11th Gen/ 8GB/ 256ssd/ 15.6"" Laptop W10 Full HD Display Fast selling laptops",No Brand,81999,,
152,511978041,Dell Inspiron 3530 Core i5-1334U| 16GB RAM | 512 GB SSD | 15.6 ” FHD | Backlit Keyboard | Finger Print Reader | Win 11 | 1 Years Warranty,No Brand,89990,,
153,128618774,"ASUS Vivobook 14X (K3405) - 13th Gen Intel i9 13900H, 16GB RAM, 1TB NVMe SSD, 14.0-inch, WUXGA, Windows 11, Bagpack, Mouse, 2 Years Int'l Warranty  - Nagmani International",ASUS,157900,,
154,509041221,Asus Vivobook 14 X1404ZA-EB718W - i5 - 1235U | 8GB | 512SSD | 2 Year Warranty  Intel UHD Graphics | FHD,No Brand,92000,,
155,150138672,"ASUS VivoBook 14 (2024) X1404VA | 14th Gen Intel Core 5 120U Processor | 8GB RAM | 512 GB G4 SSD | 14"" FHD | Win11 | Backlit Keyboard | Fingerprint | Backpack - NAGMANI INTERNATIONAL",ASUS,96900,,
156,511964568,Lenovo V14 Core i7-13650H 13th Gen| 16GB RAM | 512GB SSD| 14 ” FHD | Win 11| 1 Year Warranty,No Brand,108990,,
157,128597119,"ASUS Vivobook PRO 14 M3401QC - R7 5800H | 16GB RAM | 1TB SSD | 14"" 2.8K WQXGA 90Hz OLED Display | RTX 3050 4GB Graphics | Backlit | Fingerprint | Bag | Windows 11 | 2 Year Int'l Warranty | 1 Year Perfect Warranty",ASUS,182900,,
158,511954877,HP 15-FD0183 Core i7-1355U| 16GB RAM | 1 TB SSD | 15.6 ” FHD | Backlit keyboard | Win 11 | 1 Years Warranty,No Brand,108990,,
159,511941038,"HP Omen 16-AP0167AX Ryzen 9 8940HX 16GB DDR5 512GB 16"" 2K 144 Hz RTX5060 8GB Backlite Keyboary 1 Year",,207000,,
160,505757317,Lenovo LOQ 15ARP9 AMD Ryzen 5 7235HS – Nvidia RTX 4050 6GB – 24GB DDR5 RAM – 512GB NVMe SSD – 15.6″ FHD 144Hz Display – Backlit keyboard – Luna Grey,No Brand,149550,,
161,510219131,Lenovo LOQ 15ARP9 | Gaming Laptop | Ryzen 5-7235HS | 12 GB RAM | 512 GB SSD | 15.6″ FHD Display | RTX 3050-6 GB | Backlit Keyboard | 1 Year Warranty,Lenovo,120000,,
162,511935581,"DELL VOSTRO 3440 I5 13TH GEN 16GB RAM 512GB SSD 14"" DISPLAY BKLIT KB 1 YEAR WARRENTY",Dell,91000,,
163,128108942,Dua Screen Pos i5 8GB RAM 256SSD,No Brand,85000,,
164,511349978,HP Pavilion 16 Ryzen 7 8840HS 8GB RAM 512GB SSD 16 Inch Laptop,,94050,,
165,511977048,Asus Zenbook Core Ultra 7-265H | 16GB RAM | 512GB SSD | 14 ” OLED TouchScreen | Backlit Keyboard |Win 11 | 1 Years Warranty,No Brand,152990,,
166,511449028,Acer Nitro V15 Core i5 -13420H 13th Gen | 16GB RAM| 512 GB SSD |15.6″ FHD 165 Hrz | RTX 5050 8GB GFX | Backlit Keyboard | Win 11 Home | 1 Years Warranty,No Brand,131990,,
167,506697662,"Lenovo AMD RYZEN 5 7235HS 3.2GHz RAM 12GB Storage 512GB SSD GPU RTX4050 Display 15.6"" FHD  Windows 11 Home",Lenovo,118000,,
168,499233974,ASUS Zenbook 14 OLED (UX3405CA-U7512) Intel® Core™ Ultra 7-255H 15th Gen (Series 2) | 16GB RAM LPDDR5X | 512GB SSD |14″ WUXGA OLED Touch Screen |Backlit Keyboard/Windows 11 Home  Laptop,No Brand,159990,,
169,510033064,Acer Nitro V 15 (Intel Core i5 13420H Processor | 16GB DDR5 RAM | 512GB SSD | NVIDIA RTX 3050 6GB Graphics Card | 15.6-inch FHD (1920 x 1080) 165Hz IPS Display | 1 Year Warranty),Acer,119000,,
170,511950203,Lenovo Ideapad 5 16IRU9 Core 5 120U | 16 GB RAM | 512GB SSD | 16 ” FHD Touch Screen | Backlit Keyboard | Finger Print Reader | Win 11 | 1 Years Warranty,No Brand,106990,,
171,512540788,"2025's HP Victus 15 Gaming Laptop (AMD Ryzen 5 8645HS Processor | 16GB RAM | 512GB SSD | NVIDIA GeForce RTX 3050 6GB Graphics Card | 15.6"" FHD (1920 x 1080) 144Hz IPS Display | Backlit Keyboard | Wi-Fi 6 & BT 5.3 | 1 Year Warranty)",No Brand,115000,,
172,505727102,"Lenovo LOQ 15ARP9 Gaming Laptop | AMD Ryzen 5 7235HS | 12GB RAM | 512GB SSD | 15.6"" FHD 144Hz IPS | NVIDIA RTX 4050  6GB | Windows 11 | Luna Grey | Backlit Keyboard",Lenovo,123750,,
173,481828404,"MSI Claw-A1M Handheld (Intel Core Ultra 5-135H | 16GB RAM | 512GB SSD | 7"" FHD 120Hz Touch Screen | 100% sRGB | Micro Keys & Triggers)",,118000,,
174,499258394,"Lenovo All-in-One ThinkCentre Neo 50a 24 Gen 5 – 13th Gen Intel Core i5-13420H, 16 GB RAM, 512 GB SSD, WiFi + Bluetooth, 5.0 MP Camera, 24’’ Display, Wireless Keyboard & Mouse, Free Dos, Wireless Mobile Charger(Inbuilt in the Base) - Nagmani International",Lenovo,118900,,
175,511168178,Acer Nitro V15 Core 7 240H 15th Gen | 16GB RAM | 512 GB SSD | RTX4050 6GB |15.6 ” FHD IPS 165Hz| Backlit Keyboard | Win 11 | 1 Years Warranty,No Brand,154990,,
176,363484054,"Lenovo V14 G5 - 15th Gen Core 5 210H, 14"" FHD, 16GB DDR5 RAM, 512GB NVMe SSD, Fingerprint, Iron Grey, Free Dos, 1 Year Warranty - Nagmani International",Lenovo,121900,,
177,160051227,"Acer Aspire 14 Intel Core 5-120U | 8 GB DDR5 RAM | 512 GB SSD | 14"" (1920X1200) IPS | Win 11 | 2 Year Warranty",No Brand,94050,,
178,510033073,Acer Nitro V 16 2025 (AMD Ryzen 7 8845HS Processor | 16GB RAM | 512GB SSD | NVIDIA GeForce RTX 4050 6GB Graphics Card | 16-inch WUXGA (1920 x 1200) IPS 165Hz Display | Amber Backlit Keyboard | 1 Year Warranty),Acer,146500,,
179,477926567,"Lenovo V14 G5 - 13th Gen, Intel i7 13620H, 14"" FHD, 16GB DDR5 RAM, 512GB NVMe SSD, Iron Grey Color, 1 Year Warranty - Nagmani International Pvt. Ltd.",Lenovo,123900,,
180,501840349,"Dell Pro 14"" PC14250 | Core 5 120U | 8GB | 512GB SSD | FHD+ | Backlit keyboard",No Brand,101999,,
181,412043429,"ASUS ROG Strix Scar 16 G635LW | Intel Core Ultra 9 275 HX | 32GB RAM | 2TB NVMe SSD | 16.0"" WQXGA 240Hz | NVIDIA RTX 5080 - 16GB | Win 11| Numpad | BAG | Mouse | Headset | Off Black | 2 Year Int'l Warranty | 1 Year Perfect Warranty - Nagmani International",ASUS,633900,,
182,419824302,"Dell Latitude 3450 14"" | 13th Gen i5-1335U | 8GB DDR5 | 512GB SSD | Backlit Keyboard | 3 Years Warranty",No Brand,105800,,
183,474824440,"Asus VivoBook 16 X1607CA - Intel Core Ultra 5 Processor 225H | 16 GB | 512 SSD | 16.0-inch, WUXGA | Win11 | Backlit Keyboard | Quiet Blue | Backpack | Mouse | 2 Year Int'l Warranty | 1 Year Perfect Warranty - Nagmani International",ASUS,126900,,
184,127092200,GREAT ASIA TK-E181 I7CORE 11th Gen 8GB RAM 512GB SSD 64BIT OPERATING SYSTEM 15.6INC SCREEN,No Brand,85499,5.0,1
185,511616107,HP OmniBook 5 AMD Ryzen Al-7-350 | 16GB RAM | 512GB SSD| 16″ FHD WUXGA | Backlit Keyboard | Win11| 1 Years Warranty,No Brand,128990,,
186,511450017,HP Victus 15 AMD Ryzen 5 8645 HS | 16 GB RAM | 512 GB SSD | 15.6″ FHD 144Hz | RTX 3050 6GB | Backlit Keyboard | Win 11 | 1 Years Warranty,No Brand,118990,,
187,511451005,Asus ZenBook AMD Ryzen 7 8840HS|16GB RAM | 512GB SSD| 14″ OLED Touch Screen| Win11 | 1 Years Warranty,No Brand,152990,,
188,480483880,"Acer Nitro V16 Ryzen 7 8845HS | 16GB DDR5 | 512GB SSD | 16"" WUXGA 165Hz | RTX 3050 6GB Graphics",No Brand,138000,,
189,511979015,HP 15-FD1899 Core 7 150U 14th Gen | 16GB RAM | 512GB SSD | 15.6 ” FHD | Win 11 | 1 Years Warranty,No Brand,114990,,
190,479753626,"Lenovo LOQ Gaming Laptop 2025 - (15.6"" FHD 144Hz Display | Intel i5-12450HX | 8 GB RAM | 512GB SSD | RTX 2050 4GB | Windows 11 | Backlit KB | 2 Year Warranty) - Nagmani International Pvt.Ltd",Lenovo,120900,,
191,511448072,HP OmniBook 5 Flip 14 Core 7 150U | 16GB RAM | 512GB SSD | 14″ FHD+ x360 Touch Display) | Backlight Keyboard | Win 11 Home | 1 Years Warranty,No Brand,130990,,
192,501276027,"Acer Nitro V 16 AI Ryzen 7 260 16"" WUXGA180Hz 100% IPS Display 16GB RAM 512GB SSD RTX 5050 8GB RGB",No Brand,172490,,
193,279521517,"Lenovo Thinkpad T14 Gen 5 - Ultra 5 125h, 14'' Multi Touch WUXGA (1920x1200), 16GB DDR5 RAM, 512 Gen4 NVMe SSD, 5.0 MP Camera with Face recognition Backlit KB, Windows 11 Professional, 3 Years Warranty - NAGMANI INTERNATIONAL",Lenovo,241900,,
194,103147230,HP Pavilion 15 Radeon 530 Series  i7 8th Gen 8GB RAM 1TB 2GB AMD Graphic,Generic,100000,,
195,511940122,"HP VICTUS 15 I5 13TH GEN 16GB DDR4 512GB SSD 15.6"" FHD 144HZ RTX4050 6GB BACKLIT KEYBOARD WIN 11 HOME 1 YEAR WARRANTY",,109900,,
196,493083717,ASUS Vivobook 16X K3605VC - 13th Gen Intel i5 13420H | 16GB RAM | 512 GB NVMe SSD | RTX 3050 GPU  | 16.0-inch | WUXGA (1920 x 1200) | Windows 11 | Backpack | Mouse | Indie Black | 2 Years Int'l Warranty | 1 year Perfect Warranty - Nagmani International,ASUS,136900,,
197,474828520,"ASUS Vivobook S14 - S3407CA | 14.0-inch, WUXGA | 15th Gen Intel Core Ultra 5 Processor 225H | Intel Graphics | 16GB RAM | 1TB Gen 4 SSD | Windows 11 | Matte Gray | Backpack | Mouse | 2 Year Int'l Warranty | 1 Year Perfect Warranty - Nagmani International",ASUS,148900,,
198,474828301,"Asus VivoBook 14 X1407CA - Intel Core Ultra 5 Processor 225H | 16 GB | 512 SSD | 14"" WUXGA | Win11 | Backlit Keyboard | Cool Silver | Quite Blue | Backpack | Mouse | 2 Year Int'l Warranty | 1 Year Perfect Warranty - Nagmani International",ASUS,126900,,
199,510746389,"Lenovo LOQ 15IRX10 2025 (13th Gen Intel Core i7 13650HX Processor | 24GB RAM | 1TB Gen 4 SSD Storage | 15.6"" (FHD, 1920 x 1080) 100% sRGB 144Hz IPS Display | RTX 5050 8GB Graphics Card | Wi-Fi 6 & BT 5.2 | White Backlit Keyboard | 1 Year Warranty)",Lenovo,175499,,
200,156182438,"Lenovo IdeaPad Slim 5 | Core Ultra 7 155H | 32GB RAM | 1TB SSD | 14"" WUXGA OLED | Backlit Keyboard | 1 Year Warranty - Nagmani International",Lenovo,181900,,
201,129972143,"MSI Thin 15 B12UC Gaming Laptop (12th Gen Core i5 | 8GB RAM  | 512GB Gen4 SSD | 15.6"" FHD 144Hz | NVIDIA RTX 3050 4GB | Wi-Fi 6 | 1.86KG)",,105000,,
202,512719706,"Acer NITRO V 15, 15.6""/ NVIDIA GeForce RTX 4050- 8 GB GDDR7(16GB DDR5, 512GB)IPS FHD,  165Hz, Win 11 Home,AMD Ryzen 7-7445HS octa-core processor,",No Brand,118000,,
203,505859429,"Acer Nitro V 16 | AMD Ryzen™ 5 240 | 16GB RAM | 512GB SSD | NVIDIA RTX 5050 8GB Graphics | Windows 11 | Obsidian Black | Backlit Keyboard | 16"" 180Hz FHD (1920x1200) Display | ANV16-42-R309",Acer,132660,,
204,493105148,"Lenovo Legion Pro 5 Gaming Laptop 2025 - Ryzen 7 8745HX | RTX 5060 | 24GB RAM | 1TB SSD | 16"" WQXGA OLED | Windows 11 | Eclipse Black | 2 Year warranty - Nagmani International Pvt.Ltd",Lenovo,272900,,
205,510628961,"HP Victus  15-FA2013 Gaming Laptop | Core i5-13420H | RTX 3050 6GB | 8GB RAM | 512GB SSD | 15.6"" FHD 144Hz",,105930,,
206,272834249,"Lenovo ThinkBook 14 G7- Ryzen 7 7735HS, 14'' WUXGA (1920x1200), 16GB, 512GB SSD, Win 11 Home, Backlit KB, 1 Year Warranty - NAGMANI INTERNATIONAL",Lenovo,156900,,
207,474845150,"ASUS Vivobook S14 - M3407HA | 14.0-inch, WUXGA | Ryzen 7 260| 16GB RAM | 1TB Gen 4 SSD | Windows 11 | Matte Gray | Backpack | Mouse | 2 Year Int'l Warranty | 1 Year Perfect Warranty - Nagmani International",ASUS,146900,,
208,479754691,"Lenovo Thinkpad Yoga L13  (2-in-1) Gen 5 - Core Ultra 5 135U, 13.3"" WUXGA Multi-Touch 360° display - 100% sRGB, 16GB, 512GB Gen4 NVMe SSD, Stylus, Fingerprint, Windows 11 Professional, Backlit KB,  3 Years Warranty - Nagmani International Pvt.Ltd",Lenovo,232900,,
209,511139479,Lenovo ThinkBook 14 G8 Core 7 240H 15th Gen | 16GB RAM | 512GB SSD | 14″WUXGA (1920×1200) |Win 11 Pro | 1 Years Warranty,No Brand,157990,,
210,500817371,"Acer Nitro V 16 AI | AMD Ryzen 7 260 |  16GB DDR5 | 512GB SSD | RTX 5050 8GB GRAPICS | 16"" WUXGA, IPS PANEL,180Hz",No Brand,168300,,
211,348884769,"Lenovo Thinkpad E14 Gen 6 Ultra 7 155U | 16GB DDR5 RAM | 512 GB SSD | 14"" WUXGA (1920x1200) WUXGA IPS | Backlit Keyboard | Win 11 Pro | 3 Years Warranty",No Brand,166310,,
212,460763890,Dual Screen pos i5 5 Generation 8GB Ram 256 GB  SSD,No Brand,70000,,
213,511446132,HP Victus 15 AMD Ryzen 7 7445HS Processor | 16GB RAM | 512 GB SSD | 15.6″ FHD IPS Display | Backlit Keyboard | RTX 4050 6GB Graphics | 1 Years Warranty,No Brand,130990,,
214,505754504,Acer Nitro V15 Intel i5 13420H / 16GB / 512B SSD / RTX 5050 8GB / 15.6 inch FHD 165Hz IPS Panel Gaming laptop,No Brand,150876,,
215,402525551,"ASUS Vivobook S14 - S3407CA | 14.0-inch, WUXGA | 15th Gen Intel Core Ultra 7 Processor 255H | Intel Graphics | 16GB RAM | 1TB Gen 4 SSD | Windows 11 | Matte Gray | Backpack | Mouse | 2 Year Int'l Warranty | 1 Year Perfect Warranty - Nagmani International",ASUS,169900,,
216,511137487,Lenovo ThinkPad T14 Gen 6 Core Ultra 5 235U |16GB RAM | 512GB SSD |14″ WUXGA Touch Screen | Backlit Keyboard |FP Reader| Win 11 Pro | 1 Year Warranty,No Brand,199990,,
217,502840118,"Lenovo - Legion 5 15AHP10 OLED - AMD Ryzen 7 260 Processor - 16GB RAM - 512GB SSD - RTX 5060 8GB Graphics - 15.1"" WQXGA (2560 x 1600) 165Hz OLED Display - 1 Year Warranty - Windows 11 - AI Powered Gaming PC",Lenovo,220000,,
218,511145408,Lenovo ThinkPad X1 Carbon Gen 12 Core Ultra 7-155U| 32 GB RAM | 512GB SSD | 14″ WUXGA (1920×1200) TouchScreen IPS| Backlit Keyboard | FP Reader | Win11 Pro | 1 Years Warranty,No Brand,314990,,
219,180023592,ThinkPad X13 Gen 3 13” Intel,No Brand,229613,,
220,488846372,"MSI VenturePro 15 A2RWFG Laptop (15th Gen Intel Core 7-240H | 16GB RAM | 512GB Gen4 SSD | 15.6"" FHD 144Hz | NVIDIA RTX 5060 8GB | USB-C)",,200000,,
221,404922,Inspiron 15 7567 i7 7th Gen 16GB/256SSD + 1TB HDD+4GB Nvidia 15.6 Gaming Laptop,Generic,120000,,
222,480477935,"HP Victus Ryzen 7 7445HS | 16GB DDR5 RAM | 512GB  SSD | 15.6"" FHD IPS 144Hz | RTX 4050 6GB Graphics | Windows 11",No Brand,124999,,
223,458493522,ASUS ROG Strix Scar G18 G835LR | Intel Core Ultra 9 275HX | 16GB RAM | 1TB NVMe SSD | 18.0'' WQXGA 240Hz Display | NVIDIA RTX 5070 Ti | Windows 11| ROG Backpack | Headset | Mouse | Off Black | 2 Year Int'l Warranty | 1 Year Perfect Warranty - Nagmani Inte,ASUS,501900,,
224,479759688,"Lenovo Legion Pro 7i Gaming Laptop 2025 -	Intel Core Ultra 9 275HX | RTX 5070Ti - 12GB | Windows 11 | 32GB RAM | 1TB SSD | 16"" WQXGA  OLED 240Hz display | Eclipse Black | 2 Year warranty - Nagmani International",Lenovo,470900,,
225,505859529,"Acer Nitro V 16 | AMD Ryzen™ 7 260 | 16GB RAM | 512GB SSD | NVIDIA RTX 5050 8GB Graphics | Windows 11 | Obsidian Black | ANV16-42-R96P | 180Hz FHD Display | 16"" Gaming Laptop",Acer,169884,,
226,509140640,"Asus TUF F16 Intel Core 5 210H / 8GB RAM / 512GB SSD / RTX 3050 6GB / 16"" WUXGA Display / RGB keyboard laptop",No Brand,135000,,
227,474836494,ASUS TUF Gaming F16 FX607VB | 15th Gen Intel Core 5 210H | RTX 3050 4GB | 8 GB RAM | 512 GB SSD | 16.0 WUXGA | Windows 11 Home | RGB Keyboard | Backpack | Mouse | 2 Year Int'l Warranty | 1 Year Perfect Warranty - Nagmani International,ASUS,154900,,
228,511601660,"Dell 15 Laptop Processor 13th Gen Intel® Core™ i5-1334U, 10 cores Operating System Windows 11 Home Graphics Card Intel® UHD Graphics Memory 8 GB DDR5 Storage 512 GB PCIe NVMe SSD Display 15.6"" Non-Touch FHD Carbon Black",Dell,77499,,
229,168120299,"MSI Cyborg 15 A13VF Gaming Laptop (13th Gen Intel Core i7 | 16GB RAM | 1TB Gen4 SSD | 15.6"" FHD 144Hz | NVIDIA RTX 4060 8GB)",,181500,,
230,479760376,"Lenovo LOQ 15 - AX9E Gaming Laptop 2025 - (Intel Core i5 12450HX | RTX 3050 - 6GB | Windows 11 | 16GB RAM | 512 SSD | 15.6"" FHD (1920x1080) 144Hz display | White Backlit Keyboard | 2 Year warranty) - Nagmani International Pvt,Ltd",Lenovo,143900,,
231,488692247,"MSI Cyborg 15 A2RVE Laptop (15th Gen Intel Core 7-240H | 16GB RAM | 512GB Gen4 SSD | 15.6"" FHD 144Hz | NVIDIA RTX 4050 5GB | USB-C)",,174000,,
232,510029368,Acer Nitro Lite 16 2025 Intel Core i7-13620H Processor | 16GB RAM DDR5 | 512GB SSD | RTX 4050 6GB | 16″ WUXGA IPS Display,Acer,155000,,
233,476503415,HP Victus 15,No Brand,135000,,
234,168966232,ASUS TUF GAMING A15 FA506NCR - AMD Ryzen7-7435HS |8GB DDR5 | 512G PCIE G4 SSD | RTX 3050 - 4GB | 15.6 FHD | Windows 11| Graphite Black | RGB Backlit | Two Year Warranty - NAGMANI INTERNATIONAL,ASUS,144900,,
235,511670818,Lenovo Legion 5 15IRX10 | Intel Core i7-14700HX | RTX 5060 8GB | 16GB RAM | 1TB SSD Gaming Laptop,Lenovo,233888,,
236,511649906,"Lenovo Legion 5 15AHP10 | AMD Ryzen 7 2600 | 16GB RAM | 512GB SSD | NVIDIA RTX 5060 8GB | 15.6"" WQXGA OLED Gaming Laptop",Lenovo,207900,,
237,511141438,Lenovo ThinkPad P16s Gen 3 Core Ultra 7-155H |96GB RAM | 2TB SSD |16″ (3840×2400) OLED | RTX 500 ADA 4GB |Backlit Keyboard | FP Reader| Win 11 Pro | 1 Years Warranty,No Brand,399990,,
238,500109404,ASUS Gaming V16 - V3607VU - Intel core Ultra 5 - 210H RTX 4050 6GB | 8GB RAM | 512GB SSD | 16.0-inch WUXGA | Matte Black | Genuine Windows 11 | Backpack | Mouse | 2 Year Int'l Warranty | 1 Year Perfect Warranty - Nagmani International,ASUS,142900,,
239,511964632,Lenovo LOQ Ryzen 5 7235HS | 16 GB RAM | 512 GB SSD | 15.6″ FHD (1920 x 1080) IPS | RTX 4050 6 GB |Backlit Keyboard | Win 11 | 1 Years Warranty,No Brand,126990,,
240,488675684,"MSI Crosshair 16 HX AI D2XWFKG Laptop (15th Gen Intel Core Ultra 9-275HX | 16GB RAM | 1TB Gen4 SSD | 16"" 2K QHD+ 240Hz | NVIDIA RTX 5060 8GB | RGB Keyboard | Thunderbolt Port)",,270000,,
241,389120920,Level 51 Xavia 16 | Intel Core Ultra 9 275HX | 16GB RAM | 500GB SSD | NVIDIA RTX 5070-Ti 12GB | 16 inch WQXGA Screen | 240Hz Refresh Rate | 105.6% sRGB | 2 Years Int'l Warranty,No Brand,335000,,
242,389121898,Level 51 Rosharn 16 | Intel Core Ultra 9 275HX | 16GB RAM | 500GB SSD | NVIDIA RTX 5090 24GB | 16 inch WQXGA Mini-LED Screen | 300Hz Refresh Rate | 105.6% sRGB | 2 Years Int'l Warranty,No Brand,550000,,
243,459403406,HP Victus 15 fa2703TX Laptop | Intel Core i5 - 13420H Processor | 8GB DDR4 RAM | 512GB PCIe NVMe SSD | NVIDIA RTX 3050 6GB Graphics |15.6″ FHD IPS 144Hz Display),No Brand,113850,,
244,500251012,MSI Creator Z16 | i7-11800H | RTX 3060 | 16GB RAM | 512GB SSD | 16″ QHD 120Hz Touchscreen Display,No Brand,195000,,
245,168974197,ASUS TUF GAMING A15 FA506NFR - 15.6 FHD - AMD R7-7435HS | 8GB DDR5 |512GB PCIE G4 SSD | RTX 2050 - 4GB | Windows 11 | RGB Backlit | Graphite Black | 2 Year Int'l Warranty | 1 Year Perfect Warranty - Nagmani International,ASUS,133900,,
246,512636581,"Acer NITRO LITE 16 Intel Core i7 13th Gen 13620H - (16 GB/512 GB SSD/Windows 11 Home/6 GB Graphics/NVIDIA GeForce RTX 4050) NL16-71G Gaming Laptop (16 Inch, White, 1.95 Kg)",No Brand,155000,,
247,459038705,ASUS ROG Strix G18 G815JMR | Intel Core i9 14900HX | 32GB RAM | 2TB NVMe SSD | 18.0'' WQXGA 240Hz Display | NVIDIA RTX 5060 | Windows 11| ROG Backpack | Mouse | Volt Green | 2 Year Int'l Warranty | 1 Year Perfect Warranty - Nagmani International,ASUS,392900,,
248,389121885,Level 51 Rosharn 16 | Intel Core Ultra 9 275HX | 16GB RAM | 500GB SSD | NVIDIA RTX 5080 16GB | 16 inch WQXGA Mini-LED Screen | 300Hz Refresh Rate | 105.6% sRGB | 2 Years Int'l Warranty,No Brand,460000,,
249,293576200,"Lenovo LOQ AX9E Gaming Laptop 2025 - (Intel Core i5 12450HX | RTX 4050 | Windows 11 | 16GB RAM | 512 SSD | 15.6"" FHD (1920x1080)144Hz display | 2 Year warranty) - NAGMANI INTERNATIONAL",Lenovo,156900,,
250,488828008,"MSI Cyborg 15 AI B2HWEKG Laptop (AMD Ryzen 7 260 | 16GB RAM | 512GB Gen4 SSD | 15.6"" FHD 144Hz | NVIDIA RTX 5050 8GB | USB-C)",,189000,,
251,131289454,"CHUWI MiniBook X N100 Operating System Windows 11 Home Finish Space Gray  Display 10.51 inch, 1920 x 1200, 16:10 IPS",No Brand,59999,,
252,385016386,Level 51 Rosharn 16 | Intel Core Ultra 9 275HX | 16GB RAM | 500GB SSD | NVIDIA RTX 5070-Ti 12GB | 16 inch WQXGA Mini-LED Screen | 300Hz Refresh Rate | 105.6% sRGB | 2 Years Int'l Warranty,No Brand,370000,,
253,415591483,"Lenovo ThinkPad T14 Gen 5, Intel CoreUltra 7 155U | 16 GB DDR5 | 512 GB SSD | 14"" WUXGA (1920x1200) | Backlit Keyboard | Win 11 | 3 Year Warranty",No Brand,218191,,
254,118778296,Lenovo IdeaPad Slim 5 11th Gen Intel Core i5 (8/1TB SSD) backlit keyboard IPS Speed 3-4GHz,No Brand,119950,,
255,184913290,Asus  Vivobook Display,No Brand,24000,,
256,446929663,"MacBook Air (13-Inch, M2 Chip)",Apple,129000,,
257,512551540,"Acer NITRO V 16 ANV16-42-R309 GAMING AMD Ryzen™ 5 240 512GB SSD 16GB 16"" (1920x1200) 180Hz WIN11 NVIDIA® RTX 5050 8192MB Backlit Keyboard Laptop",No Brand,134000,,
258,512715740,"ASUS ROG Zephyrus G14,AMD Ryzen 9 270, (RTX 5060-8GB Gaming Laptop/90W TGP/16GB/1TB/3K OLED/14/120Hz//Windows 11/M365 Basic (1Year)*/Office Home 2024",No Brand,285000,,
259,299588331,"Lenovo V15 G4 - 13th Gen, Intel i3 1315U, 15.6"" FHD, 8GB DDR4 RAM, 512GB NVMe SSD, Iron Grey Color, 1 Year Warranty - NAGMANI INTERNATIONAL",Lenovo,78900,,
260,488717564,"MSI Cyborg 15 B2RWEKG Laptop (15th Gen Intel Core 7-240H | 16GB RAM | 512GB Gen4 SSD | 15.6"" FHD 144Hz | NVIDIA RTX 5050 8GB | USB-C)",,188900,,
261,482594743,"MacBook Air M3 2024 (13.6"" (2560 x 1664) Liquid Retina Display | 16GB Memory | 256GB Storage | 8-core GPU, 8-core CPU | 16-core Neural Engine | Wi-Fi 6E & BT 5.3",No Brand,148900,,
262,512690009,"ASUS Expertbook P1 High-performance processor Intel Core i5 13th Gen 13420H - (8 GB/512 GB SSD/Windows 11 Home) P1403CVA-S60939WS Thin and Light Laptop (14 Inch, Misty Grey, 1.42 Kg, With MS Office)",No Brand,88999,,
263,493196041,"HP ProBook 460 G11 Intel Core Ultra 7 155H | 16GB RAM | 1TB SSD | RTX 2050 4GB | 16"" WUXGA Display | Windows 11 Pro Lifetime | Silver Laptop Nepal",No Brand,128499,,
264,293647052,"Lenovo LOQ Gaming Laptop 2025 - (Intel Core i5 12450HX | RTX 4050 - 6GB |Windows 11 | 16GB RAM | 512 SSD | 15.6"" FHD (1920x1080)144Hz display | 2 Year warranty) - NAGMANI INTERNATIONAL",Lenovo,164900,,
265,500689785,Dell Pro 14 Inch PC14250 | Core 5 120U | 8GB | 512GB SSD | FHD+ | Non-Backlit | UBT,No Brand,96900,,
266,512621782,"DELL PRO 15 Backlit (2025) AMD Ryzen 5 Quad Core 7520U - (8 GB/512 GB SSD/Windows 11 Home) PRO 15 Thin and Light Laptop (15.6 Inch, Black Carbon, 1.5 kg, With MS Office)",No Brand,89999,,
267,293531955,"Lenovo LOQ 15 Gaming Laptop 2025 - (Intel Core i5 13450HX | RTX 3050 - 6GB |Windows 11 | 16GB RAM | 512 SSD | 15.6"" FHD (1920x1080)144Hz display | 2 Year warranty) - NAGMANI INTERNATIONAL",Lenovo,150900,,
268,488842667,"MSI VenturePro 16 A2RWEG Laptop (15th Gen Intel Core 7-240H | 16GB RAM | 512GB Gen4 SSD | 16"" 2K OLED 120Hz | 100% DCP-P3 | NVIDIA RTX 5050 8GB | USB-C)",,209000,,
269,481781577,"Dell Inspiron 5440-5463BLK Core™ i5-1334U 8GB RAM | 512GB SSD | 14"" (1920x1200) Display | Backlit Keyboard",Dell,88110,,
270,118799908,Lenovo IdeaPad Slim 5 11th Gen Intel Core i5 (8/512GB SSD)IPS Speed 3-4GHz,No Brand,114450,,
271,505366540,"Acer Nitro V15 Gaming Laptop | Intel Core i5 13420H Processor | 8GB RAM | 512 GB SSD | NVIDIA RTX 2050 4GB Graphics | 15.6"" FHD 165Hz Display | White LED Backlit Keyboard",No Brand,110000,,
272,512704885,"2025 M a c Book Air (13-inch, M 4 chip with 10-core CPU and 8-core GPU, 16GB Unified Memory, 256GB",No Brand,130000,,
273,512772646,"Lenovo Ideapad 1 Laptop, 15.6"" FHD (1920x1080) IPS Display, Ryzen 5 7520U, 8GB RAM, 256GB Storage, AMD Radeon Graphics, Windows 11Home, Abyss Blue",Lenovo,64999,,
274,505394430,Acer Nitro V15 Intel Core i5 13th Gen 13420H – RTX 2050 4GB Graphics – 8GB DDR5 RAM – 512GB NVMe SSD – 15.6″ FHD 165Hz Display – Backlit Keyboard – Black,No Brand,106000,,
275,499249749,"Lenovo All-in-One ThinkCentre Neo 50a 24 Gen 5 – 13th Gen Intel Core i7-13620H, 16 GB RAM, 512 GB SSD, WiFi + Bluetooth, 5.0 MP Camera, 24’’Display, Free Dos, Wireless Keyboard & Mouse, Wireless Mobile Charger (inbuilt in the Base) - Nagmani International",Lenovo,139900,,
276,493102179,ASUS ZENBOOK 14 OLED - UX3405CA - 15th Gen Intel Core Ultra 9 285H | 32GB RAM | 1TB SSD PCIe Gen 4 | 14'' inch 3K Oled Touchscreen | Genuine Win 11 | Foggy Silver | 2 Year Int'l Warranty | 1 Year Perfect Warranty - Nagmani International Pvt.Ltd,ASUS,245900,,
277,493091377,ASUS TUF Gaming F16 FX608JMR | Intel core I7 - 14650HX | RTX 5060 8GB | 16GB RAM | 512 SSD Gen 4 | 16.0 WUXGA | Windows 11 Home | Backpack | Mouse | Jaeger Gray | 2 Year Int'l Warranty | 1 Year Perfect Warranty - Nagmani International,ASUS,241900,,
278,459061520,Asus VivoBook 14 X1405VA -13th Gen Intel Core i7 13620H | 16GB | 512GB SSD | 14'' WUXGA | Win11 | Backlit Keyboard | Fingerprint | Bag | Mouse | Cool Silver | 2 Year Int'l Warranty | 1 year Perfect Warranty - Nagmani International,ASUS,125900,,
279,459059220,ASUS TUF Gaming F16 FX607VU | Intel core I7 - 13620H | RTX 4050 6GB | 16GB RAM | 1TB SSD | 16.0 WUXGA | Windows 11 Home | Backpack | Mouse | Mecha Gray | 2 Year Int'l Warranty | 1 Year Perfect Warranty - Nagmani International,ASUS,188900,,
280,412216699,"ASUS Vivobook Flip TN3402YA - Ryzen 5 7430U | 8GB RAM | 512GB SSD | 14"" WUXGA TOUCH 360 Display | Windows 11 | Silver | Backlit Keyboard | Magic Numpad | Backpack & Mouse | 2 Year Int'l Warranty | 1 Year Perfect Warranty - Nagmani International",ASUS,113900,,
281,363477171,"Lenovo V15 G5 - 13th Gen, Intel i5 13420H, 15.6"" FHD, 16GB DDR5 RAM, 512GB NVMe SSD, Free DOS, Iron Grey, 1 Year Warranty - Nagmani International",Lenovo,103900,,
282,363065349,"Lenovo V15 G4 AMD Ryzen 5 7520U, 15.6 Inch FHD, 16 GB DDR5 RAM, 512 GB NVMe SSD, Artic Grey, Free DOS, 1 Year Warranty - Nagmani International",Lenovo,91900,,
283,363051964,"Lenovo V14 G4 AMD Ryzen 5 Core 7520U, 14"" IPS FHD, 16 GB DDR5 RAM, 512 GB Gen 4 NVMe SSD, Artic Grey, Free DOS, 1 Year Warranty - Nagmani International",Lenovo,91900,,
284,279516547,ASUS ZENBOOK 14 OLED - UM3406KA - AMD AI RYZEN 7 350 | 16 GB RAM | 512GB SSD PCIe Gen 4 | 14 inch 3K OLED | Genuine Win 11 | JADE BLACK | NUMPAD | 2 Year Int'l Warranty | 1 Year Perfect Warranty - NAGMANI INTERNATIONAL,ASUS,205900,,
285,129627796,Mechanical RGB Gaming Keyboard And Mouse Combo For PC And Laptop Black,No Brand,783,4.529166666666667,240
286,28182,Black Laptop Cover Bag For 14 Inch Display Laptop,No Brand,185,4.37160751565762,479
287,389392,Mini USB HUB 3.0 5Gbps 4 Ports Micro Splitter Adapter,No Brand,266.7,4.397619047619048,420
288,179391248,Dual Rechargeable Bluetooth and 2.4G Wireless Mouse 2 in 1 Mouse,No Brand,380,4.690140845070423,142
289,111653,"Laptop Sleeve Bag Compatible With 15.6"" Laptops",No Brand,148,4.485496183206107,655
290,416474538,"2 In 1 Features 64 LED Rechargeable Selfie Light - 5 Lighting Mode Phone Ring Light Mini Portable Clip on Fill Lights for iPhone, Cell Phone, Laptop, TikTok, Selfie, Video Conference, Camera",No Brand,403,4.254237288135593,118
291,141408824,Thermal Paste for Laptop and Desktop CPU,No Brand,149,4.764705882352941,34
292,100374554,"3 In 1 Screen Cleaning Kit With Microfiber Cloth & Brush For Laptops,Mobiles,LCD,LED,Computers",No Brand,190,4.702127659574468,47
293,131330524,"7 in 1 Cleaner Kit, Multi-Function Earbud Cleaning Pen, Soft Brush Corner Gap Duster Keycap Puller Laptop Screen Cleaner",No Brand,175,3.962529274004684,427
294,127977124,Mini Printer / Portable Pocket Printer for Educational and Learning Purpose,No Brand,1149,4.431861804222649,521
295,108870858,Slim Laptop Backpack With USB Charging Port Bag  for Men and Women - Multicolor Bag for Men & Women | Fashion Unisex Laptop Backpack,No Brand,780,4.425,920
296,499303365,120w Fast charging cable 3in1 Charging Data Cable Portable charger cord with USB Type C & USB port for All phones Fast charger Type C Retractable USB Cable 3in 1 Cable,No Brand,90,2.4,5
297,116927368,"Blue Ray Cut Glass Using For Mobile, Laptop & TV Men & Women",No Brand,195,4.408980582524272,824
298,128346377,Mini Portable Pocket Thermal Printer Wireless Bluetooth Printer,No Brand,1199,4.341726618705036,278
299,173511806,"USB Bluetooth Dongle, Wireless Adapter for PC, Laptop, and Devices",No Brand,334,4.6,30
300,128386309,15m Net Cable/Ethernet Cable - High Speed Data Transfer Cables Cat 6,No Brand,267,4.411764705882353,68
301,123413208,4G WiFi Router Wireless Portable Pocket WiFi,No Brand,2299,3.3076923076923075,13
302,145320003,"Premium 14-inch Universal Silicone Keyboard Cover for Laptops - Durable, Transparent Soft Protector",No Brand,43,3.984375,128
303,178599620,Aluminum Alloy Metal Adjustable Laptop Stand for 10 to 17 Inches Macbook/Laptops/Tab,No Brand,413,4.525806451612903,310
304,111177508,"All in One - USB 2.0 SD USB Card Reader for SD, SDHC, Mini SD, Micro SD, MS and M2 memory cards",No Brand,95,3.96,100
305,104866963,"Premium Wireless Bluetooth Keyboard And Mouse Combo – Ergonomic Design, Long Battery Life, Quick Charging, Extended Range, And Energy Efficient",No Brand,799,4.216216216216216,148
306,162832427,Computer Speakers Portable Speaker USB INTERFACE Stereo 3.5mm with Ear Jack for Desktop PC Laptop,No Brand,349,4.364583333333333,96
307,116149291,Bajeal T350 Rainbow RGB Back-lit Gaming Keyboard Mouse Combo,No Brand,945,4.244813278008299,723
308,120349299,Artsy Home 25/50pcs Old Time Thing Retro Stickers for Laptops Scrapbook and Skateboards Cellphone Guitar,,179,4.401923076923077,520
309,452210786,ESP32 Development Board,No Brand,979,4.909090909090909,11
310,103300349,HDMI Male to VGA Female Video Cable Cord Converter Adapter For PC DVD HDTV 1080P,No Brand,246,4.456575682382134,403
311,125055315,1L 99% Isopropyl Alcohol (Cleaning Alcohol),No Brand,800,4.728395061728395,81
312,129074519,"Premium Laptop Bag Water-Resistant  with Fur-Lined Interior - Unisex, Slim Design, Fits All Laptops 13 Inch To 15.6 Inch",No Brand,979,4.6136986301369864,365
313,128237421,Universal Laptop Adapter,No Brand,625,4.25,12
314,115943386,"200ML LCD Display Screen Cleaner For TV , Mobile, Computer, Laptop , Electronics",No Brand,250,4.377358490566038,159
315,127875515,"Racing Sticker Pack for Bike, Car, Laptop, Cycle, Helmet, Wallet, Freeze water proof 19 pcs - Decorative Stickers |",No Brand,320,4.730769230769231,52
316,114237726,LB Link BL-WN151 150Mbps Wireless & Usb Wifi Reciver,No Brand,285.78,4.388888888888889,90
317,119865046,Artsy Home 25/50pcs Anime Pack Classic Comic Cartoon Stickers for Laptop Phone Case,,185.26,4.391304347826087,207
318,112424744,HDMI Male to VGA Female Video Cable Cord Converter Adapter For PC DVD HDTV 1080P,No Brand,235,4.402877697841727,139
319,122833838,Black-Red Reversible Water Resistant Laptop Sleeve - 14 inch | Fashion Reversible Laptop Sleeve for Laptop and Tablets,No Brand,179,4.388571428571429,175
320,159844623,"Hitech LED Monitor 19"" Inch Quality and Design",No Brand,3897,4.757009345794392,107
321,492409656,External 2TB/20TB/30TB Ssd High-Speed Solid State Drive Type-C/USB 3.1 Interface Portable Hard Disk for PC Laptop MAC,No Brand,2994,3.8333333333333335,6
322,155594518,Router Backup Upto 8 Hr 1 Year Warranty Ups 8800 Mah,No Brand,1921,4.7386759581881535,287
323,131678957,Laptop Inner Soft Cover Sleeves Bag for 14 inch display Laptop - Black | Black Laptop Sleeves Cover Bag,No Brand,177,4.75,40
324,105134141,Smart Multi-Purpose Laptop Table with Dock Stand/Study Table/Bed Table/Foldable and Portable/Ergonomic & Rounded Edges,No Brand,833,4.237837837837838,185
325,100692166,AC/DC Power Adapter | 12V 1A | 100-240v | 5.5 x 2.5mm,No Brand,240,4.7894736842105265,19
326,128687886,Fantech NC12 Cooling Pad,Fantech,1394,4.441860465116279,258
327,120536110,Computer Case Desktop Tower Gamer Gaming DIY Mini Dustproof Table PC Case SPCC USB2.0 Business Office Home,No Brand,1437.54,4.3,30
328,182587468,JUAS Raw Apple Cider Vinegar with Mother 500 mL,,593.68,4.661283970066956,2539
329,100285443,Big Size Desk PC Computer Desktop Mouse Mat Pad,No Brand,379,4.671497584541063,207
330,112240665,"2.5"" Hard Disk Case SATA USB 3.0 SSD Disk HDD Box External Hard Drive Enclosure",No Brand,530,4.246835443037975,158
331,279559935,"Miracles Space saving and Ergonomic Monitor Stand | 24 Inches Handmade Premium Quality Monitor Raiser | Organize Your Workspace with Premium Handcrafted Wooden Monitor Stands – Ergonomic, Durable & Made in Nepal!",No Brand,1700,4.904761904761905,21
332,126826151,3 Port 4K HDMI Switch 3 In 1 Out With High Speed Switch Splitter,No Brand,799,3.6,25
333,111286464,Heat Shrink Tube 3Mm 1 Meter,No Brand,44,4.610169491525424,59
334,288013089,EPSON LQ 310 and LQ 310 Compatible DMP Ribbon Cartridge for Dotmatrix Printers Black Ink Cartridge,No Brand,350,3.0,1
335,104914576,Webcam With Microphone,No Brand,1075,3.411764705882353,17
336,103053679,Canon Pixma E410 3 In 1 Multi-Function Inkjet Printer,Canon,8999,4.5,148
337,128303773,30m Net Cable/Ethernet Cable - High Speed Data Transfer Cables Cat 6,No Brand,526,4.56,50
338,128220607,Blank DVD 4.7GB Disc 50 Pcs Pack,No Brand,755,4.1,10
339,106214279,"Laptop Cooling Pad 4 Fans Adjustable 10 Inch to 17 Inch Notebook Cooler, Blue Light, S18 For Any Laptop Speed Control Button",No Brand,1664,4.3791208791208796,182
340,122840948,LB-LINK 300Mbps High Gain Smart Wireless Router,No Brand,1745,4.314814814814815,162
341,105613527,3D Pen-2 Professional Creativity 3D Printing Pen,No Brand,1325,4.909090909090909,11
342,499876186,Universal Stylus Pen For Pad Apple Pencil For IPad IPhone Huawei Lenovo Samsung Xiaomi Redmi Poco Android Phone Tablet Touch Pen Queena,No Brand,1519,4.571428571428571,7
343,107321198,"Joyroom Aluminium Body USB C to USB 3.0 Adapter  Type C Male to Type A Female OTG Converter Compatible 2020-2016 MacBook Pro, New iPad Pro/Mac Air/Surface, Chromebook, Phone/Tablet, More",joyroom,550,4.583333333333333,12
344,114352781,8 in 1 Type C To USB-C 4K HDMI Adapter USB 3.0 Multiport Cable Hub,No Brand,999,4.5,28
345,129524526,Big Size Desk PC Computer Desktop Mouse Mat Pad-Mulitcolor,No Brand,377,4.633484162895928,442
346,113034540,Bajeal RGB LED Backlight USB Gaming Keyboard And Mouse Combo,No Brand,945,4.330985915492958,284
347,124790538,"Mini USB Computer Speakers, Small Speakers for Laptop Desktop Netbook & PC",No Brand,540,4.3882352941176475,85
348,126672774,"SSD Powered Office Editing and Gaming Desktop With Intel Core i5 6th Gen Processor, 60Hz 19” LED HD Monitor, 8/16GB DDR4 RAM",No Brand,32109,4.809523809523809,42
349,472665480,Mini Portable Pocket Thermal Printer Wireless Bluetooth Printer,No Brand,1149,4.217391304347826,23
350,150374064,"Dual Band 600Mbps USB Wi-Fi Adapter, 2.4G/5G Wireless Network Card, USB WiFi Dongle for PC, Desktop, Laptop",No Brand,750,4.6,40
351,165492725,"USB TO DC 5V ( 5.5MM*2.5MM)  Module Converter DC Barrel Male Connector Jack Power Cable Plug,USB to DC Cable -1M",No Brand,199,5.0,1
352,131379793,BAJEAL G5 7 Button Wired Gaming Mouse RGB Light,No Brand,520.55,4.651162790697675,43
353,290823437,50 Piece Manga Stickers Waterproof DIY For Phones Laptop Car Sticker Creative Home Decal,No Brand,195,4.777777777777778,9
354,134349920,Handboss 3-in-1 High-Quality Screen Cleaning Kit for LED/LCD Screens with Non-Scratch Brush & Microfiber Cloth,No Brand,119,4.362068965517241,58
355,105770686,Kids Cut Uv Protected Eye Glass Mobile Gaming Reading Tv Laptop Pc & Driving | Fashion Transparent Eye Glasses For Kids,No Brand,290,4.125,32
356,110481072,High Definition Power Supply Cable Cord For Laptop Charger,No Brand,135,4.413043478260869,46
357,127786968,Grand Theft Auto V (GTA-V) For Pc And Laptop,No Brand,1199,4.631578947368421,57
358,159826817,Professional Rj45 Cable Lan Tester Network Cable Tester Rj45 Rj11 Rj12 Cat5 Utp Lan Cable Tester Networking Tool,No Brand,449,3.8,5
359,487776514,4/8/16/32GB Pendrive USB 2.0,No Brand,449,4.5,22
360,119396817,Mini Hdmi Male To Hdmi Female Adapter Converter,No Brand,177.5,5.0,18
361,130083955,Fashion Leather Bag For School College And Office |Laptop Bag For Official Use,No Brand,1055,4.64,50
362,129149927,"PU Leather Bag for School, College, and Office Use.",No Brand,914,4.747368421052632,95
363,131672599,Smart Multi Purpose Laptop Table with Cup Holder/Bed Table/Children Study Table/Foldable and Portable/Non Slip Legs,No Brand,708,4.530120481927711,83
364,105463320,MILANG K6 Professional Polychromatic RGB Rainbow Backlit Gaming Waterproof Mech Feel Keyboard,No Brand,735,4.2770562770562774,462
365,114350672,Hoco UA36C USB Male to Type-C Female OTG Transparent Adapter,No Brand,322,4.206896551724138,29
366,121162147,Silicone Replacement Strap For Mi Band 5 And Mi Band 6 (Pack of 2),No Brand,198,4.428571428571429,266
367,396871486,MEMO CX07 Magnetic Cooler Fan 15W Instant Heatdissipation Phone Cooler Semiconductor Heatsink Compatible with Mobile and Tab Cooling Fan for Gaming,No Brand,1048,4.333333333333333,33
368,324625552,"5G Wireless WiFi Extender Signal Booster Netboost Pro UltraXtend, Extend",No Brand,2469,5.0,2
369,29990,"Canon PG-47 (Black) Ink Cartridge For Pixma E410, E470, E400 Printers",Canon,1400,4.610738255033557,148
370,129570570,Earldom ET OT71 6 In 1 USB OTG Card Reader,No Brand,1400,4.8,25
371,128839524,RJ45 Pass through Connector for UTP Network Cable Crimping,No Brand,84,4.877551020408164,49
372,481092267,2 In 1 Capacitive Resistive Pen Touch Screen Stylus Pencil For Tablet IPad Cell Phone PC Dual-Purpose Stylus Pen,No Brand,386,2.0,1
373,154249863,Acasis Computer Accessories Gadgets U-S-B4.0 40Gbps Memory expansion aThunderbolt 3 M.2 NVMe SSD Enclosure,,9052,5.0,3
374,129614721,"SALCKO Premium Laptop Bag Water-Resistant With Fur-Lined Interior - Slim Design, Fits All Laptops 13 Inch To 15.6 Inch, BLACK",No Brand,979,4.548672566371682,113
375,420482838,FANTECH (HQ56-BLACK) - TONE II WIRED GAMING HEADSET,Fantech,1115,4.314685314685315,143
376,105274979,Black Square Shaped Plain Mouse Pad,No Brand,90,4.3432098765432094,405
377,120316411,4Gb RAM DDR3 1333MHz Desktop RAM,No Brand,1499,4.418918918918919,74
378,111951808,UPS For Wifi Router 12V- 3 Hrs Backup,No Brand,783,4.2925,400
379,500805460,Shockproof Armor Case For Xiaomi Mi 15T 5G Car Holder Phone Cover for Mi 15T Camera Lens Protection Fundas,No Brand,1044,5.0,2
380,118894138,Fantech HQ53 Lightweight Gaming Headset | Lightweight Design With Red Accent Lighting,Fantech,1859,4.342222222222222,450
381,132060024,Dual Fan Laptop Cooling Pad/Notepad And Laptop Stand | Blue LED Light | 4 Adjustment Levels |,No Brand,1050,4.5,42
382,117652003,For iPhone 17 16 Pro Max 15 14 13 12 11 Xs X 8 7 6 5s 16e Air Mini Clear Phone Cover Mobile Case - Edge Soft Bumper Transparent Anti Shock TPU Mobile Cover Case,No Brand,144,4.55859375,256
383,131396539,Computer Gaming Keyboard and Mouse Combo LED Lights Wired USB Working Keyboard Mouse Set,No Brand,1001,4.639484978540772,233
384,103628133,15.6 inch Laptop Silicone Soft Keyboard Protector Cover,No Brand,119,3.896694214876033,242
385,478817299,Microfiber Dustproof Cleaning Cloth Notebook Keyboard Cover Laptop Screen Cleaner Kit for MacBook Pro 13/15/16 Inch,No Brand,464,4.75,4
386,459111382,"Genuine USB C Hub (8 in 1 Multifunction Adapter for MacBook & Windows) / USB Docking Station / 4K HDMI, HDTV, SD/TF card, RJ45, USB C",No Brand,969,4.625,16
387,150072027,"HDMI TO RCA 1080p HDMI TO AV 3RCA CVBS COMPOSITE VIDEO AUDIO CONVERTOR ADPAPTER  SUPPORTS PAL/NTSC FOR PC,LAPTOP,XBOX,HDTV,DVD UP SCALER 1080P",No Brand,799,4.578947368421052,19
388,130076455,UGREEN DVI male to HDMI female adapter cable,UGREEN,805,5.0,3
389,127843741,Educational Laptop For Kids Abc And 123 Learning,No Brand,382,4.097087378640777,103
390,105536000,"Spincart Super Screen Cleaning Kit For LED, LCD Screens",No Brand,245,4.2682926829268295,82
391,387877819,50 Piece Stranger Things Stickers Waterproof DIY For Phones Laptop Car Sticker Creative Home Decal,No Brand,195,4.833333333333333,6
392,111246238,Heat Shrink Tube 3Mm 1 Meter,No Brand,30,4.5,16
393,127456205,"Vicky Paper Trimmer Paper Cutter, Photo Cropper, Portable Small-Scale A5 Manual Cutter, Household Invoice Label Paper Cutter",,698,4.333333333333333,12
394,185466395,Wireless WiFi Repeater 300Mbps Wireless Router,No Brand,944,4.5,14
395,119922507,HDMI Switch 3 in 1 Out,No Brand,700,4.1063829787234045,47
396,129869371,USB Rechargeable Portable Mini fan,No Brand,180,4.358974358974359,78
397,145308326,15inch Universal Clear Silicone Keyboard Protector Cover for Laptop - Durable & Easy to Apply,No Brand,43,4.238095238095238,63
398,363232909,American Garden Apple Cider Vinegar 473 ml  5% Acidity  ACV  Product of USA,American Garden,257,4.673913043478261,45
399,128221159,Blue Ray Cut & Changeable Glass Using Mobile TV And Laptop Black Metal Frame Glass For Men,No Brand,640,4.3059701492537314,134
400,100256187,Razer Goliathus Mouse Pad Speed ​​Mouse Pad PC Computer Desktop Mouse Mat Pad,No Brand,140,4.608695652173913,115
401,162097862,KODAK SSD X150 POWER MEMORY X150 SERIES,No Brand,2150,5.0,9
402,127756294,"Genuine USB C Hub (8 in 1 Multifunction Adapter for MacBook & Windows) / USB Docking Station / 4K HDMI, HDTV, SD/TF card, RJ45, USB C",No Brand,933,4.615384615384615,91
403,129615691,"SALCKO Premium Laptop Bag Water-Resistant With Fur-Lined Interior - Slim Design, Fits All Laptops 13 Inch To 15.6 Inch",No Brand,979,4.521739130434782,92
404,173595534,Hitech 22 Inch Full HD IPS Panel Borderless Monitor,No Brand,8990,4.815789473684211,38
405,108527986,TP-Link Archer T2U Plus USB Wifi Adapter | AC600Mbps,TP Link,3185,4.53125,32
406,131297090,"Zifriend T62 (63 Keys) Mechanical Keyboard, RGB Backlit, Hot-swappable, White & Grey Beige",No Brand,2449,4.72,100
407,104794331,Eagle Outdoor Waterproof CAT6 Ethernet Cable 30M With RJ45,Eagle,1450,4.862068965517241,29
408,131727193,DP To HDMI Cable NEXGEN Premium Wire 1.8 Meter Black DP On Laptop Or Desktop And HDMI On Monitor Or Projector,No Brand,890,4.785714285714286,14
409,110188333,USB Sound Adapter 7.1 USB Sound Card Virtual 3D External USB Microphone USB Audio 3.5mm Jack For Laptop PC Earphone Notebook D1P3,No Brand,249,4.5675675675675675,37
410,144096347,"Belkin 4-Socket Surge Protector Universal Socket with 5Ft (1.5-Meter) Heavy Duty Cable Overload Protection, Extension Cord Comes with 5 Years Manufacturer Warranty",No Brand,2999,5.0,0
411,100232232,AC/DC Power Adapter | 5V 1A | 100-240v | 5.5 x 2.5mm,No Brand,250,5.0,3
412,119605189,"Stickers Pack for Bike, Car, Laptop, Cycle, Helmet, Cpu, Freeze water proof 42 pcs - Decorative Stickers |",No Brand,320,4.184210526315789,38
413,147062459,DDR3 8GB Laptop RAM 1600MHz,No Brand,2500,4.709677419354839,31
414,185342637,CPU FAN BLACK FRAME,No Brand,299,4.8,5
415,123775319,5m Ethernet Cable Male to Male Link Network LAN Cable Patch Cord Connector Internet Extension Cables,No Brand,150,4.421052631578948,57
416,131789495,Macbook Transparent Full Hard Case  For M1 13.3' Air (2020),No Brand,1694.8,4.666666666666667,9
417,106438804,Gas Spring Single Arm Desk Monitor Stand With Vesa Mount For 17 To 27 Inch Screen,No Brand,4899,4.675,40
418,127850377,"2.5"" Hard Disk Case SATA USB 3.0 HDD External Hard Drive Enclosure - Aluminium Alloy",No Brand,495,4.364197530864198,162
419,105422021,Bluetooth USB Aux Stereo Music Audio Receiver + 3.5 Mm Cable,No Brand,176,4.384615384615385,26
420,113770185,"Canon PG-47 (Black) and CL-57 (Colour) Ink Cartridge Combo For Pixma E410, E470, E460, E400 Printers",Canon,3750,4.6,55
421,104972982,TP Link Tl-WN722N Wireless Dongle Version 2,No Brand,1349,4.869565217391305,23
422,134209572,Hoco UA28 Mini Portable USB Bluetooth Adapter for Desktop and Laptop,No Brand,645,4.555555555555555,36
423,128183575,Kitchen Storage Cord Wrapper Cable Cord Wire Organizer Smart Wrap for Charging Data Cable Protector Winder,No Brand,49,3.25,4
424,128030207,Artsy Home 25/50 Pcs Black and White Vintage Retro Waterproof Stickers,,171,4.732558139534884,86
425,105953228,Mheecha Boulder Sack Black/Ice Grey for Men and Women ( Unisex ) Backpack with Laptop Compartment | Fashion Unisex Backpack,,2750,4.743489583333333,768
426,128304710,Usb 2.0 Wireless 802.11N 150 Mbps Nano Wifi Network Adapter Dongle Receiver Network Lan Card Transmitter With Cd Drivers,No Brand,259,4.461538461538462,39
427,120617640,Artsy Home 25/50/100 Pcs One Piece Anime Stickers for Laptops and Skateboards Cellphone Guitar,,185.26,4.479768786127168,173
428,128183682,PU Leather Bag For School College And Office |Laptop Bag For Official Use,No Brand,1042,4.676113360323886,247
429,146249369,Portable Folding Laptop Table With iPad Stand - Versatile Study Table For Bed & Office,No Brand,799,4.114285714285714,35
430,111718,Desktop Power Cable (1.5M),No Brand,82,4.1098901098901095,91
431,180974308,100 Piece Cartoon Cute Funny Ins Cat Mobile Phone Waterproof Stickers Suitcase Laptop Guitar DIY Stickers,No Brand,195,5.0,1
432,129007741,Laptop Keyboard Cover - Key Protection From Dust and Water Silicone Keyboard Protector,No Brand,79,3.75,8
433,108368773,Screen Cleaner (Super Cleaning Suit),No Brand,165,4.491803278688525,121
434,134983967,Cute Mini Fan  Korean Design Mini Portable Fan with Lithium Rechargeable Battery | 3 Speed Mode | USB fan | USB Rechargeable,No Brand,280,5.0,2
435,132035824,4-Port USB 3.0 Data Hub Adapter Portable USB 3.0 Hub Extension Cable Splitter 4 Ports,No Brand,395,4.457831325301205,83
436,388888505,50 Piece Cristiano Ronaldo Stickers Waterproof DIY For Phones Laptop Car Sticker Creative Home Decal,No Brand,195,4.666666666666667,3
437,124715494,Artsy Home 25/50 Pcs Vintage Retro Style Stickers for Laptops Scrapbook Cellphone Guitar,,172,4.5519480519480515,154
438,129276593,"Canon Compatible Refill Ink Full Set ( BK, C, M, Y) For PIXMA G-series Inkjet Printer, 135 ml Black Ink & 70ML Color",No Brand,799,4.6,55
439,121667439,Artsy Home 25/50/100/150 Pcs Football Star Lionel Messi Stickers for Laptops Cellphone Guitar,,172,4.700854700854701,117
440,492409871,AX900 WiFi USB Adapter WiFi6 Bluetooth 5.4 Dual Band 2.4G+5.8Ghz 4 Antenna Dongle USB Wireless Card Receiver for PC/Laptop,No Brand,1678,5.0,1
441,161890627,"14 Inch Laptop Bag Sleeve Case Cover With Handle Water-Resistant  with Fur-Lined Interior - Unisex, Slim Design",No Brand,1105,3.875,16
442,129576295,"Fashion Sport Retro Travel,School,College Backpack With Laptop Compartment |Unisex Bag For Office And",No Brand,1086,4.52,25
443,158486088,Sunnysee  T61 61% Hot Swappable Wired Mechanical Keyboard 63 Keys RGB Backlit Blue Switch Gaming Keyboard Anti-Ghosting,No Brand,2690,4.818181818181818,11
444,118920702,Gigaware Xunfox K80 Mechanical Keyboard Gaming Keyboard RGB LED Light,No Brand,2228,4.508928571428571,112
445,124431794,Strap for Mi Band 7 - Replacement Wrist Strap Bracelet,No Brand,184,4.0,2
446,100982225,Travel Office Room Outdoor Hand Mini Fan  Household–Green,No Brand,297,4.206896551724138,58
447,499795471,"32 Colors 3D Pen Filament 1.75mm PLA, Each Color 10Feet(3m), Total 320 Feet (96m) 3D Pen Filament Refills, Random Color",No Brand,933,4.5,2
448,127883300,Jeep Buluo Business Handbags Briefcase File Bag Shoulder Bag Office Bag For Men,No Brand,2950,4.625,8
449,129118349,Artsy Home Tech Enthusiast Sticker Pack 25/50pcs - Colorful Computer Coding & Programming Decals for Mac,,154.54,4.610526315789474,95
450,115652647,USB 3.0 To SSD/HDD Cable A to Micro B SuperSpeed Cable For External Hard Drives,No Brand,350,5.0,1
451,503182605,Soft Silicone Protective Case Cover with 3D Design Compatible with Apple AirPods Pro Shockproof Case Cover 3D Design (Earbuds Is Not Included) (Chibi Naruto),No Brand,273,,0
452,112081252,30m Ethernet Cable Male to Male Link Network LAN Cable Patch Cord Connector Internet Extension Cables,No Brand,474,5.0,0
453,129361730,FANTECH VIGIL MP256 Gaming Mouse Pad Anti-slip Base 250 x 210 x 2mm Mousepad,Fantech,231,4.742857142857143,140
454,171556725,"BOMGE Bluetooth 5.0 Adapter 3.5mm Jack Aux Dongle, 2-in-1 Wireless Transmitter/Receiver for TV Audio, Projector, PC, Headphone, Car",BOMGE,446.89,5.0,3
455,272453242,50 Piece  One Piece Stickers Waterproof DIY For Phones Laptop Car Sticker Creative Home Decal,No Brand,195,5.0,1
456,290507624,5G/4G LTE WiFi Router Data Box WIFI Wireless Router / Card Box,No Brand,3482,3.875,8
457,125704375,RJ45 CAT 5 CAT 6 LAN Network Ethernet Female to 2 x Female Plug Connector,No Brand,87,4.3076923076923075,13
458,101022673,HDMI To DVI,No Brand,750,4.5,3
459,111851628,Smart Nepali English USB Keyboard,No Brand,400,4.5,192
460,129170633,Combo Mouse AND Keyboard Kit Bluetooth (bt and 2.4g both) Both Rechargable Mouse And Keyboard,No Brand,939,4.619047619047619,84
461,128315219,20m Ethernet Cable Male to Male Link Network LAN Cable Patch Cord Connector Internet Extension Cables,No Brand,445,4.475409836065574,61
462,149476556,"10pcs Random  One Piece Stickers for Kids Teens Adults Boys Girls, Anime Fans Stickers Pack for Mobile Water Bottles Laptop Guitar Notebooks Planners Bicycle Hard Hat Helmet Brand: NC",No Brand,111,3.0,2
463,492436060,Band For Apple watch Series 10 46mm 42mm 9 7 8 5 SE 6 44mm 45mm 40mm 38 41mm Ultra 49mm bracelet correa Braided Solo Loop Strap,No Brand,557,5.0,0
464,100009353,TP-Link TL-WA850RE 300Mbps Universal Wi-Fi Range Extender | 2.4GHz | Plug and Play | 100% Genuine,TP Link,2575,4.611111111111111,108
465,141868047,15 Inch Universal Clear Silicone Keyboard Protector for Laptops - Soft & Transparent Protective Cover,No Brand,36,4.130434782608695,46
466,503264989,Backseat Gaming Extra Large Mousepad 900x400x3mm Deskpad Computer Desktop Mouse Mat,No Brand,1199,4.333333333333333,15
467,114682459,Original Laptop Battery for Dell Inspiron 15 5555 5558 5559 3552 3558 3567 14 3451 3452 3458 5458 17 5755 5758 5759 Vostro 3451 2700 3458 3558 4 Cell,No Brand,4000,4.371428571428571,35
468,131687048,Laptop Inner Soft Cover Sleeves Bag for 15.6 inch display Laptop - Black | Black Laptop Sleeves Cover Bag,No Brand,160,4.64,50
469,152109212,"Korean Casual Style Business Laptop Backpack, Waterproof Travel Bag for College Students,",No Brand,1499,4.809523809523809,21
470,128436229,"Plug in LED Night Light Mini USB LED Light Flexible USB LED Ambient Light Mini USB LED Light, LED Portable car Bulb, Indoor, Outdoor, Reading, Sleep",No Brand,29,4.25,88
471,456643411,Hdmi To Vga Converter Cable,No Brand,227,5.0,2
472,128373867,4GB RAM DDR3 PC3 10600 RAM for Laptop,No Brand,766.24,,0
473,110318158,Fantech Luminous C30 Quad High Def 1440P 2K Quad Hd Usb Web Camera Webcam With Built-In Microphone,Fantech,4499,4.573770491803279,101
474,111796695,Black Strap For Xiaomi Mi Band 5 And 6,No Brand,98,4.540983606557377,61
475,127470139,"Thermal Paste Syringe Silicone Compounds 30g Grey For Hot And Cold, Cpu 1 Pcs",No Brand,127,4.631578947368421,19
476,113663018,Usb Charging Cable For Xiaomi Mi Band 5/6,No Brand,199,4.709677419354839,31
477,158538366,4 Pin Molex to SATA Power Cable Adapter for Internal Hard Disk Drive,No Brand,74,5.0,1
478,105676345,Canon Pixma E470 3 In 1 Wireless Multi-Function Inkjet Colour Printer,Canon,11885,4.535714285714286,84
479,129923272,Portable Folding Laptop Table With iPad Stand - Versatile Study Table For Bed & Office,No Brand,863,4.445578231292517,294
480,102969260,CADEVE 9122 Rainbow Backlit Waterproof Multimedia Mechanical Gaming Keyboard And Mouse,No Brand,1176,4.227678571428571,224
481,187138517,"Large Capacity Oxford Cloth Backpack - Waterproof, Stylish, and Spacious Laptop Rucksack for Men and Women - Ideal for School, Travel, and Daily Commute",No Brand,1225,,0
482,492985023,"Printed Bow Bag | Ribbon Crossbody Bag for Ladies | Moderate Capacity Bag for 13 inch laptop With Adjustable Straps, Zipper and Magnet",No Brand,485,4.647058823529412,17
483,132392838,"Small Bow Bag | Ribbon Crossbody Bag for Ladies | Moderate Capacity Bag for 13 inch laptop With Adjustable Straps, Zipper and Magnet",No Brand,491,4.754464285714286,224
484,128206315,500 GB HDD Western Digital WD External Hard Disk Drive,No Brand,2442,3.8,5
485,105517689,G5 Wired RGB Gaming Mouse RGB,No Brand,590,4.52808988764045,178
486,499877168,Universal Stylus Pen For Pad Apple Pencil For IPad IPhone Huawei Lenovo Samsung Xiaomi Redmi Poco Android Phone Tablet Touch Pen Queena,No Brand,1519,5.0,3
487,113006475,"New 13-Inch Light Sleeve Tablet Case Pouch with Stand, Protective Cover in Dark Grey",No Brand,509,4.142857142857143,14
488,112861978,"Laptop Stand,Adjustable Laptop Stand,Aluminum Laptop Stands,Ergonomic Laptop Stands",No Brand,387,4.818181818181818,11
489,159591806,Redragon GS550 Orpheus PC Gaming Speakers,No Brand,2498,3.3333333333333335,3
490,415357017,ACASIS U-S-B-C to HDMt Dual Cable Combo 8K60Hz/4K60Hz HDR/VRR Support Aluminum Shell Braided 4.9ft/6.6ft Gold-Plated Connectors,,1658.22,4.5,4
491,119922489,DP To VGA Adaptor,No Brand,600,4.166666666666667,18
492,105166096,USB 3.0 Type-C 10 100 1000Mbps Gigabit Ethernet RJ45 USB-C RJ45,No Brand,1033,4.589743589743589,39
493,116407477,Silicone Strap For Xiaomi Mi Watch Lite | Lightweight Perfect Fit Silicone Strap,No Brand,270,4.2592592592592595,108
494,130151492,Trail Loop Band /Strap For Apple Watch 49MM luxury Adjustable Loop Soft Sport Strap for iWatch Series,Mcdodo,362,4.2272727272727275,22
495,127789962,Dell Laptop Charger Small Pin 45 Watts,No Brand,849,4.0588235294117645,34
496,119923374,DP TO HDMI ADAPTER,No Brand,600,4.076923076923077,26
497,100110520,2 in 1 Adapter 100V-240V To DC 9V 1A Power Adapter Switching Power Supply For Router power,No Brand,244,4.333333333333333,18
498,184900992,GTX350-Mechanical RGB Gaming Keyboard And Mouse Combo For PC And Laptop ( Black Color),No Brand,783,4.428571428571429,28
499,186864589,AC/DC Power Adapter | 24V 1A | 100-240v | 5.5 x 2.5mm,No Brand,390,4.5,2
500,128173568,Wireless Rechargeable Mouse Dual Mode Slim Portable Mouse With LED Light Silent Mouse For Laptop Windows/Mac Computers,No Brand,395,4.5064935064935066,77
501,121598951,Apple Watch Series 7 45mm Case with Tempered Glass Screen Protector,No Brand,199,3.9444444444444446,18
502,125078907,Acer Laptop Charger For 65 Watt (19V=3.42A),No Brand,1141,4.25,24
503,112081264,5m Ethernet Cable Male to Male Link Network LAN Cable Patch Cord Connector Internet Extension Cables,No Brand,132,4.196428571428571,56
504,119146994,"Esonic H61 Motherboard with M.2 NVMe SSD Slot, Intel i3/i5/i7(2nd/3rd Generation)",No Brand,2349,4.59375,64
505,133660529,"MAIBO Original Stylish Bag For School, Collage, Travels With 15Inch Laptop Carrying Capacity With Fashionable Design For Men & Women",No Brand,1999,4.666666666666667,9
506,127964549,USB 7.1 Channel 3D Stereo Audio External Sound Card Adapter with Mic - Plug and Play - Compatible with Windows XP/Vista/Windows 7/Windows 8,No Brand,179,4.2,10
507,105505810,Fast Speed 64GB Pendrive USB 3.0,No Brand,881,4.5,15
508,128508727,"Thermal Paste Syringe Silicone Compounds 30g HY510 Grey For Hot And Cold, Cpu 1 Pcs",No Brand,110,4.351351351351352,37
509,433856367,"Smart Multi-Purpose Foldable Laptop Table With Dock Stand | Ergonomic Study & Bed Table | Portable, Durable & Rounded Edges",No Brand,765,5.0,1
510,152022483,Sata Cable SATA to Right Angle SATA For Hardisk and SSD Storage Drive,No Brand,39,4.75,16
511,155972661,"Baby Toy Combo Set - Colour Box, Baby Laptop, Sank Book, Writting Tablet | Educational Toys for Kids & Toddlers",No Brand,1021,4.7368421052631575,19
512,128552654,"New Durable Neoprene Laptop Sleeve for 13-inch Display - Water-Resistant Protective Bag with Shock-Absorbing Foam Padding, Black",No Brand,183.47,4.651515151515151,66
513,100458856,"3 In 1 Screen Cleaning Kit With Microfiber Cloth & Brush For Laptops,Mobiles,LCD,LED,Computers",No Brand,355.01,4.0,7
514,171618979,Food Model Desktop Ornament Home Decoration Simulation Fruits Artificial Apple Fake Peach Lemon Lifelike Orange,No Brand,303,5.0,4
515,127883342,"H61 Motherboard With NVME Slot Supports i3, i5, i7 2nd & 3rd generation processor",No Brand,2350,5.0,6
516,112462425,Heat Shrink Tube 5MM 1Meter Industrial,No Brand,71,4.318181818181818,22
517,130017886,"3 Speeds Mini Desk Fan, Rechargeable Battery Operated Fan with LED Light, Portable USB Fan Quiet for Home, Office, Travel, Camping, Outdoor, Indoor Fan, 4.9-Inch",No Brand,199,4.285714285714286,14
518,279991521,50 Piece Chiikawa Stickers Waterproof DIY For Phones Laptop Car Sticker Creative Home Decal,No Brand,195,5.0,2
519,188567338,50 Piece Taylor Swift Albums Stickers Waterproof DIY For Phones Laptop Car Sticker Creative Home Decal,No Brand,195,4.75,4
520,128208241,30m Net Cable/Ethernet Cable - High Speed Data Transfer Cables,No Brand,569,4.380952380952381,42
521,141806461,Router Backup Upto 8 Hours Mini Portable Modem Router UPS Poe Dc Wifi Backup - 8800mah,No Brand,2013,4.606060606060606,66
522,495178781,Printed Cotton Moon bag For  Men,No Brand,407,5.0,2
523,127759141,Monitor 24'' Full HD IPS (1920x1080) AMD FreeSync Borderless  HDMI And Vga Port,No Brand,9975,4.190476190476191,21
524,133165864,Black Crossbody Side Bag Chest Bag Unisex,No Brand,1364,4.733333333333333,15
525,159200724,TYPE C TO DP CABLE,No Brand,1200,5.0,2
526,146917268,Wiersoon Unisex Waterproof Nylon Laptop Backpack with USB Charging Port | Large Capacity Business Travel Bag,No Brand,3216,4.8,15
527,391046088,50 Piece Solo Leveling Stickers Waterproof DIY For Phones Laptop Car Sticker Creative Home Decal,No Brand,195,4.8,5
528,127044065,Zeno 17 - 27 Inch Dual Screen Double Arm Monitor Stand,No Brand,4399,4.571428571428571,7
529,128115679,"B&W 12A Refill Toner Powder (2000 Page Yield) for Canon/HP LaserJet Printers - Compatible with CRG-303, 309, 308, 319, FX9, 333, 12A, 49A, 80A, 05A, 26A, 16A - Ultra Dark Black Toner for Superior Graphic Printing.",No Brand,210,5.0,5
530,124767262,Apple iPhone 7 Plus / 7+ / iPhone 8 Plus / 8+ (Same Size)  Liquid Silicone Soft Cover Case | Microfiber Inside,No Brand,309,4.50179211469534,279
531,116950969,"Silicone Wrist Watch Strap For Xiaomi Mi Watch, Mi Watch Lite, Redmi Watch, Redmi Watch 2, Redmi Watch Lite and Redmi Watch 2 Lite",No Brand,395,4.168224299065421,107
532,297858369,50 Piece Neymar Stickers Waterproof DIY For Phones Laptop Car Sticker Creative Home Decal,No Brand,195,5.0,1
533,126681630,Artsy Home 25/50/100 Pcs Cristiano Ronaldo Stickers for Laptops Cellphone Guitar,,185.26,4.72,50
534,107661347,Bm 800 Audio Microphone V8 Sound Card for Mobile Phone Computer Sound Plate For Sound Card Audio External,No Brand,2499,4.363636363636363,11
535,119577618,Flexible USB 2.0 Low Power Consumption LED Light-5 Pcs,No Brand,120,4.2537688442211055,398
536,103041729,3 In 1 Thunderbolt Mini Display Port MINI DP Male To HDMI DVI VGA Female Adapter Converter Cable For Apple MacBook Air Pro MDP,No Brand,1099,4.454545454545454,7
537,104348362,Crocodile Alligator Clip Battery Clip 4Pcs 45mm Red Black For DIY Kit pair of 2,No Brand,80,4.791666666666667,48
538,121823911,4 Port USB 3.0 Hub Slim Portable  Hub |  Silver,No Brand,375,4.5588235294117645,34
539,105442283,Laptop Table Stand/Study Table/Bed Table/Foldable,No Brand,825,4.470588235294118,17
540,127306643,COTECi Ultra Thin TPU Keyboard Cover for  MacBook Air M2 M3 M4 13.6 inch  2022-2025,,949,4.375,32
541,105272476,"LCD Screen Cleaning Kit, 200ml",No Brand,175,4.470588235294118,34
542,148659619,"2pcs Universal Cable Clip Wire Holder – Self-Adhesive Cord Organizer for Desk, Wall & Bedside – Durable Cable Management Solution for USB Chargers, Laptop Wires, Earphones & Phone Charging Cables at Home or Office",No Brand,195,4.6,5
543,477928413,Mini Portable Pocket Thermal Printer Wireless Bluetooth Printer,No Brand,1135,4.230769230769231,13
544,103960043,"3 In 1 Screen Cleaning Kit With Microfiber Cloth & Brush For Laptops,Mobiles,LCD,LED,Computers",No Brand,172,4.435897435897436,39
545,128176482,Wireless Rechargeable  Dual Mode Slim Portable Mouse with RGB LED Light | Wireless and Bluetooth,No Brand,375,4.555555555555555,18
546,119559053,"12V 1A Adapter/ Charger For Router, LCD Monitor, TV, LED Strip, CCTV, Piano",No Brand,399,4.0,4
547,105539641,"Canon GI-71 PGBK (Black) Ink Bottle for Canon Pixma  G3770, G3780, G4780, G2730, G3730, G3020, G2020, G1020, G3060 Printers",Canon,4800,4.921052631578948,76
548,496487508,Armaggeddon AQUARON Gaming Case,,3960,5.0,2
549,131512297,Intel Core 2 Duo Procerssor 3.0ghz,No Brand,499,5.0,2
550,491177139,Foldable Portable Metal Laptop Stand With Detachable Fan,,695.76,4.545454545454546,11
551,294892141,LAPTOP INTERNAL DVDRW DRIVE  SATA OR IDE USED,No Brand,499,5.0,3
552,100852713,Gold-Plated HDMI To DVI Male To Female Adapter Converter,No Brand,517,4.666666666666667,6
553,101440641,Razer Goliathus CONTROL Gaming Mouse Mat Soft Mouse Pad for Gamers xxl,No Brand,371,4.560975609756097,41
554,186866253,Kisonli U-2500Bt Usb 2.1 Portable Computer Speaker With Fm Black,No Brand,1349,4.666666666666667,3
555,104458010,Capture Cards HDMI to USB 1080p,No Brand,1100,4.1,8
556,136344864,4G WiFi Router Wireless Portable Pocket WiFi,No Brand,2040,1.0,1
557,100149036,CD Wallet with 80CD's storage capacity,No Brand,220,4.454545454545454,11
558,280479234,"Green DC UPS Portable Router Backup | Router 9V, 5V & 12V Outputs | USB 5V Output | POE & LAN Ethernet Outputs | Voltage Selector (15V/24V) | 8800mAh Capacity | Up To 8 Hours Of Backup | Output Power Protection | Charging Indicator | 6 Months Warranty",,2334,4.7272727272727275,88
559,127993963,Hard Tempered Glass Screen Guard Protector for Apple Watch Ultra 49mm,No Brand,500,4.375,24
560,128592699,"Baby Laptop Toy, Learning Tablet for Kids",No Brand,389,4.333333333333333,6
561,177403104,Brother HL-1110 Compact Mono Laser Printer Home use or small-office everyday printing,Brother,13999,5.0,2
562,179438258,Panda Printed Cotton Moon bag For  Men,No Brand,402,4.777777777777778,18
563,181906281,"Vartex 24"" Frameless Gaming Monitor – 100Hz Refresh Rate , Full HD, IPS Panel with Built-in Speakers  | Eye Care | FreeSync",,14499,4.650602409638554,83
564,128492074,PU Leather Business One-Shoulder Cross-Body Casual Sling Bag For Men,No Brand,688,4.655172413793103,29
565,145313188,New 15inch Clear HD Anti-Glare Laptop Screen Protector,No Brand,88.3,4.411764705882353,16
566,129360229,V8 Sound Card Audio Set Interface External Usb Live Microphone Sound Card Bluetooth Function for Computer Pc Mobile Phone Sing,No Brand,958,4.5,8
567,130004940,"Laptop Stand,  Notebook Stand",No Brand,1614,4.48,25
568,281505067,Ucom USB PC Gamepad Joystick Gamepad Controller For Pc And Laptop,No Brand,599,4.6,15
569,366411269,TV Remote Control XMRM-00A XMRM-006 Voice Remote For Mi 4A 4S 4X 4K Ultra Android TV ForXiaomi-MI BOX S BOX 3 Box 4K/Mi Taotai,No Brand,794,4.642857142857143,14
570,362521230,50 Piece BTS Group Stickers Waterproof DIY For Phones Laptop Car Sticker Creative Home Decal,No Brand,195,4.666666666666667,3
571,133183629,"2 in 1 Portable Mini Humidity Fan With Water Humidity Noiseless Hand Fan Lightweight Portable Handheld Mist Fan Cooling Misting Fan USB Rechargeable Fan For Kids,Adults,Home,Outdoor",No Brand,500.72,4.450892857142857,224
572,129618711,"Spincart Screen Cleaning Kit For Laptops, Mobiles, LCD, LED, Computers And TV",No Brand,186,4.65,40
573,416468559,RGB Pocket LED Selfie Light for Mobile Phone Laptop Clip Ring Flash Fill Video Photo Ringlight Photography Lamp,No Brand,587,4.166666666666667,18
574,111244218,Heat Shrink 10 mm (black) 1 Meter,No Brand,100,4.5,12
575,105559054,"2.5"" Hard Disk Case SATA USB 3.0 SSD Disk HDD Box External Hard Drive Enclosure",No Brand,750,4.459770114942529,87
576,129794576,1pcs HP Facial Wet Skincare Facial Wipes,No Brand,46,4.765151515151516,132
577,121163073,Silicone Replacement Strap For Mi Band 3 And Mi Band 4 (Pack of 2),No Brand,219,4.513513513513513,74
578,105996127,USB 2.0 Type Male to Male Cable (1.5M),No Brand,449,4.358974358974359,39
579,175709063,"6.35mm (1/4 inch) Male Mono to 3.5mm (1/8 inch) Male Stereo Audio Cable, 1.5M AUX Converter for Guitars, Mixers, Amplifiers, Speakers, PCs, Laptops & Phones",No Brand,350,5.0,3
580,125644903,Aluminum Alloy Metal Adjustable Laptop Stand for 10 to 17 Inches Macbook/Laptops/Tab,No Brand,405,4.348623853211009,218
581,111957536,Heat Shrink Tube 1 mm 5 meter Color Black,No Brand,133,3.933333333333333,15
582,104784998,"3 In 1 Screen Cleaning Kit With Microfiber Cloth & Brush For Laptops,m",No Brand,222,4.357142857142857,14
583,122834582,Black Laptop Cover Bag For 13 Inch Laptops,No Brand,176,4.089285714285714,56
584,134881791,VGA Cable 1.5m,No Brand,88.3,4.071428571428571,14
585,106075751,PVC Hard Plastic 7-Level Adjustable Laptop Ipad Tab Stand for 7 to 14 Inches,No Brand,349,4.2,45
586,407936015,Bagmati Green Plastic Apple Shaped Dustpan,No Brand,57,4.875,8
587,495958791,8K HDMI 2.1 Cable 4K@120Hz 8K@60Hz 48Gbps EARC ARC HDCP Ultra High Speed For RTX Video Cable PC Laptop Projector HDTV PS5 1m2m3m,No Brand,784,5.0,1
588,489449991,Apple Pencil 4 Pro Silicone Anti-Slip Grip Case Cover Soft Lightweight Protective Sleeve Charging Protect from Scratch Dust & Damage,No Brand,699,3.5,2
589,482282085,high capacity totebag | laptop bag upto 16 inch laptop |totebag with compartment,No Brand,767,4.428571428571429,7
590,178988315,Nylon Strap For Mi Band 7 6 5 4 3 Strap Smart Watch Sport Nylon Band,No Brand,223,4.666666666666667,12
591,128180996,"Power Cable For PC , Monitor & Printers 1.5 Meter Black In Color",No Brand,189,4.6,5
592,122790272,Kisonli U-2500 Bluetooth USB 2.1 Portable Computer Speaker With Fm Black,No Brand,1249,3.8636363636363638,22
593,111975813,V3 6D Professional 6 Buttons 3200CPI with 2400DPI Gaming Sensor Pro Mechanical Gaming Mouse,No Brand,663,4.45578231292517,147
594,112694573,15.6 inch Laptop Silicone Soft Keyboard Protector Cover,No Brand,80.28,3.858695652173913,92
595,171467390,Apple Watch Series 10 46mm Flexible TPU Shockproof Scratch Proof Cover Case,No Brand,365,4.583333333333333,12
596,165009184,3 meter Ethernet Cable Male to Male Link Network LAN Cable Patch Cord Connector Internet Extension Cables Patch cable cat6 ranz 3meter,No Brand,149,5.0,1
597,127870346,I5 4670 Processor (4TH Generation) 3.4 GHz Upto 3.8 GHz LGA 1150 Socket 4 Cores 4 Threads 6 MB Smart Cache Desktop Processor,No Brand,2849,5.0,2
598,105765804,"Canon MC-G02 Maintenance Cartridge for G3020, G2020, G3060, G1020, G670, G570 Printers",Canon,1200,4.731958762886598,97
599,287807451,50 Piece Taylor Swift Red Album Stickers Waterproof DIY For Phones Laptop Car Sticker Creative Home Decal,No Brand,195,5.0,1
600,113096269,"Thermal Paste Syringe Silicone Compounds 30g HY510 Grey For Hot And Cold, Cpu 1 Pcs",No Brand,107,4.5,4
601,130129020,"TP-Link TL-WA850RE 300Mbps Universal  Wireless Wi-Fi  Range Extender, 1 x 10/100Mbps Ethernet Port (RJ45)- White",TP Link,2699,4.615384615384615,13
602,131992758,Fantech WK895 Pop Keys Wireless Keyboard Mouse Combo Office Series,Fantech,2249,4.2631578947368425,19
603,126244114,Redmi Mi 11x /Pro /Poco F3 /Mi K40 /K40 Pro Plus Cover (All Same Size) Clear Transparent With Bumper Cover Case Non Yellowing,No Brand,224,4.529411764705882,17
604,128043340,Apple iPhone  14 Pro Max Liquid Silicone Soft Cover Case | Microfiber Inside,No Brand,319,4.579710144927536,68
605,124768422,"Apple iPhone  X / Xs (Small Size-5.8"" Display) Liquid Silicone Soft Cover Case | Microfiber Inside",No Brand,284,4.68,225
606,500495600,50 Piece Enhypen Stickers Waterproof DIY For Phones Laptop Car Sticker Creative Home Decal,No Brand,195,4.666666666666667,3
607,134674257,Compatible Refill Ink For Canon PIXMA G-series Inkjet Printer  135 ml Black color,No Brand,199,5.0,12
608,480963949,"360° Rotation Tablet Stand for iPad, Adjustable Foldable Tablet Holder,Aluminum Phone Stand",No Brand,494,4.666666666666667,3
609,133097101,Mini RGB Speaker for PC Laptop Gaming Computer Speaker,No Brand,641.25,4.714285714285714,7
610,128477839,Dual Rechargeable Bluetooth and 2.4G Wireless Mouse 2 in 1 Mouse,No Brand,443,4.477678571428571,224
611,131618970,ADAPTER USB-C USB-A LIGHTNING CARD READER ADAPTER,No Brand,1150,5.0,5
612,112232023,32GB Pendrive USB 2.0,No Brand,690,4.818181818181818,11
613,105408560,Mini Display Port Thunderbolt to HDMI Adapter Cable,No Brand,399,4.2,5
614,111807,Sleeve 15.6 Inch And Led Light Combo Set - Black | Fashion 12.4 Inch Laptop Sleeves and Usb Led Light Combo,No Brand,256,4.412087912087912,182
615,105953754,Gigaware Extra Large Chroma LED Gaming RGB Mousepad - 80cm,No Brand,999,4.636363636363637,66
616,107271018,Aitnt Biagji Gaming Mouse Rainbow With RGB Lighting,No Brand,175,4.369565217391305,45
617,109481334,Mheecha Capsule Pack Black/Ice Grey for Men Women Backpack | Fashion Mheecha Unisex Backpack with Padded Laptop Compartment,,2650,4.6902654867256635,339
618,120001787,Artsy Home 25/50pcs Anime Jujutsu Kaisen Waterproof Stickers for Laptops Cellphone Guitar,,173,4.361111111111111,72
619,276452159,50 Piece  Sanrio Stickers Waterproof DIY For Phones Laptop Car Sticker Creative Home Decal,No Brand,195,5.0,3
620,128890576,Foldable Bed Study and LaptopTable Portable Multifunction Kids with Cup Holder,No Brand,750,2.7777777777777777,9
621,101708016,New 96W Universal Power Charger AC Portable Adapter For Laptop/Notebook,No Brand,787,3.9615384615384617,26
622,113927017,Heat Shrink Tube 3Mm 1 Meter,No Brand,35,5.0,11
623,127757963,Type C to 3 in 1 Type C to HDMI Type C to USB and Type C to Type C Hub 4K Adapter,No Brand,600,4.166666666666667,24
624,108939373,"TP-Link Archer C20 AC750 High-Speed Dual Band 300 Mbps at 2.4 GHz and 433 Mbps at 5 GHz  Wireless Router With 1× 10/100 Mbps WAN Port, 4× 10/100 Mbps LAN Ports and 3 High-Gain Antennas",TP Link,3049,4.6484375,128
625,492415573,Screen Protector for MacBook HD Soft Film for Air 13 Inch M1 M2 Pro 13 14 15 16 Inch Touch Bar Max Cover Guard Accessories,No Brand,756,3.6666666666666665,3
626,124440120,Canon Pixma TS207 Single-Function Inkjet Printer,Canon,5500,4.485714285714286,35
627,116559921,8 In 1 Type C To USB-C 4K HDMI Adapter USB 3.0 Multiport Cable Hub,No Brand,1249,4.372340425531915,94
628,311265620,Hitech Wireless Keyboard And Mouse Combo With English And Nepali Fonts,No Brand,853,4.625,24
629,279755081,NEW BLACK PU Leather Bag For School College And Office |Laptop Bag For Official Use,No Brand,1043,4.8,10
630,129189990,Type-C To Display Port Cable,No Brand,1320,5.0,10
631,110907121,Mheecha Boulder Sack Black/Moss Green for Unisex Backpack | Fashion Padded Laptop Compartment Backpack,,2750,4.737037037037037,270
632,180975387,50 Piece Funny Kuromi Stickers Waterproof DIY For Laptops/Phones/Helmet/Car/Guitar Creative Decal,No Brand,195,5.0,1
633,131808153,"Cat6 Rj45 Network Tee With Shield, Network Cable Extension 1 / 2 Adapter And Tap Changer",No Brand,292,4.0,3
634,113200102,Push Switch Press Switch Volt 12 0.5A pack of 4 pcs,No Brand,107,3.3333333333333335,3
635,154380607,"200ML LCD Display Screen Cleaner For TV , Mobile, Computer, Laptop , Electronics",No Brand,298,3.923076923076923,13
636,129627232,DC Jack Male Connector 5.5mm With 5 Inch Wire (2 Pcs),No Brand,54,5.0,2
637,416469453,RGB Order Me LED Video Light Camera Light Laptop Light for Zoom Meeting Photography Lighting 100 LED Beads with Clip Dimmable and Rechargeable for Camera Selfie Stick Tripod Laptop Cellphone,No Brand,581,4.846153846153846,13
638,121280826,Artsy Home 25/50 Pcs Graffiti Astronaut Outer Space Stickers,,156,4.298387096774194,124
639,104488419,Microsmart RJ45 Cat6 Lan Cable - CAT6e 25M With Rj45 Jack Fitted,Eagle,676,4.25,8
640,129282334,Premium PU Leather Backpack |Best Bag For College And Office Purposes For Men/Suitable To Carry Laptop And Easy For Traveling And Treks,No Brand,1272,4.7272727272727275,88
641,129516226,Leather Side Bag Business Cross-body Messenger Bag For Men - Black | Fashion Leather Cross Body Bag For Men,No Brand,1330,4.65625,64
642,124768590,Apple iPhone XR (Single Back Camera) Liquid Silicone Soft Cover Case | Microfiber Inside,No Brand,274,4.395833333333333,96
643,123290937,Fantech Orbit HG25 7.1 Virtual Surround Sound Gaming Headset,Fantech,2324,4.4423076923076925,104
644,129333699,Mi Redmi Note 9 Pro / Note 9 Pro Max / Poco M2 Pro (Same Size )Defender / Armour With Stand Case  Cover,No Brand,466,4.7272727272727275,11
645,141873303,Premium 15-inch Anti-Glare Matte Laptop Screen Protector for Display Protection,No Brand,77,4.8,5
646,141292009,MEMO CX07 Magnetic Cooler Fan 15W Instant  Semiconductor Phone Cooler,No Brand,1134,4.791666666666667,24
647,290831010,50 Piece Genshin Impact Stickers Waterproof DIY For Phones Laptop Car Sticker Creative Home Decal,No Brand,195,5.0,2
648,131429224,Big Windmill Gaming PC Cabinet with 4 RGB FAN,No Brand,5290,5.0,5
649,134902677,"Spincart Super Screen Cleaning Kit For LED, LCD Screens",No Brand,168.58,2.5,2
650,130087261,Hoco HB45 USB 2.0 Card Reader with TF Card and SD Card Support upto 2TB and 480Mbps transfer speed,No Brand,494,4.5,2
651,131989640,Macbook Transparent Full Hard Case  For M2 Air 13.6' (2022),No Brand,1783,4.75,4
652,128231523,Wooyu G18 RGB Light Gaming Headset Headphone with Built-in Microphone and Volume Control,No Brand,1544,4.271604938271605,81
653,137691023,Replacement Band Strap For Mi Band 3 / 4,No Brand,90,4.470588235294118,17
654,129099133,Intel  CPU FAN for Corei3/15/17 CPUs Cooler  (Black),No Brand,309,4.863636363636363,22
655,128363077,4 in 1 Fast Charging Portable Multi-function Charging Dock Compatible with Apple Watch Airpods Headset Charging Station,No Brand,1273,3.5,2
656,131393199,5 Speed Level Digital Electronic Fan Led Digital Display Fan,No Brand,335,4.090909090909091,22
657,141847873,"14-inch Premium Silicone Keyboard Cover Protector for Laptops - New, Flexible, Transparent",No Brand,40,3.388888888888889,18
658,120100127,Artsy Home 25/50 Pcs Cute Anime Kuromi My Melody Sanrio Stickers for Laptops and Skateboards Cellphone Guitar,,172,4.7164179104477615,134
659,105272454,WiFi Range Extender 300Mbps Wireless-N AP/Repeater/Router Dual Antennas,No Brand,1437.54,4.62962962962963,27
660,128737781,Unisex Blue Ray Cut Uv Protected Anti Scratch Eye Glass With Metal Frame For Mobile Gaming Reading Tv Laptop Pc & Driving,No Brand,525.14,4.262443438914027,221
661,373118427,100 Piece Lionel Messi Stickers Waterproof DIY For Phones Laptop Car Sticker Creative Home Decal,No Brand,315,5.0,0
662,133230154,"Anti-Slip Keyboard Mouse Pad With Office Excel Microsoft Software Shortcuts Key Patterns, Clear Extended Large Cheat Sheet",No Brand,488,4.6,140
663,114889643,Xiaomi Mi Watch Lite Gps Smartwatch Screen Protector Redmi Watch For 1.4 Inch,No Brand,147,4.7,20
664,103498811,"LCD Screen Cleaning Kit, 200ml",No Brand,175,4.372340425531915,94
665,353825491,50 Piece Tokyo Revengers Stickers Waterproof DIY For Phones Laptop Car Sticker Creative Home Decal,No Brand,195,4.0,1
666,140747,Displayport To Hdmi Adapter - Black,No Brand,879,3.8823529411764706,17
667,420203417,50 Piece Cherry Ins Style Stickers Waterproof DIY For Phones Laptop Car Sticker Creative Home Decal,No Brand,195,4.0,1
668,128303857,USB Keyboard Mouse Combo Wired Black,No Brand,468,4.45,40
669,113103183,Thermostat With Case Cover Temperature Controller Module W1209 12V 7A LED Display,No Brand,777,5.0,1
670,128303156,"Alphabets A4 Size (7 x 10.5 Inch) Good Quality, Imported Decal Stickers For Motorbike, Scooter, Car, laptop",No Brand,126,3.0,1
671,130103626,"Fantech GO W603 Wireless Office Mouse with 1600 DPI, Silent Click, 2.4GHz Connection, 4 Customizable Keys",Fantech,510,4.5,108
672,104964753,Black Foldable and Portable Multi-Purpose Laptop Table Stand,No Brand,925,4.422297297297297,296
673,112249461,Portable Hard Disk Bag Case for External Hard Drive Disk,No Brand,332.94,4.615384615384615,117
674,128157614,"A4 Size (7 x 10.5 Inch) Good Quality, Imported Decal Stickers For Motorbike, Scooter, Car, laptop",No Brand,134,5.0,4
675,112876646,"Apple Watch Series 7 41mm, Ultra-Thin Shockproof Hard PC Bumper Case All-Around Edge Protective Cover Frame [ Screen Protector]",No Brand,282,4.0,8
676,163977017,"32-in-1 Small Screwdriver Set Repair Tool,Multi-Purpose Precision Mini Screwdriver Bits Set With Magnetic Flexible Extension Rod Tools for Mobile, Laptop,Glasses",No Brand,354,4.076923076923077,26
677,453636636,"Aluminum Portable Invisible Laptop Stand | Mini Aluminum Cooling Pad, Lightweight Laptop Desk Stand for MacBook, Lenovo, Dell, HP & Other Laptops (Cool Silver)",No Brand,299,4.5,20
678,115842640,Portable High Speed USB Port Cooling Small Mini Clip Desk Fan 4” HJ-5019,No Brand,599,2.5,4
679,279602204,50 Piece Crayon Shin-chan Stickers Waterproof DIY For Phones Laptop Car Sticker Creative Home Decal,No Brand,195,5.0,1
680,275222303,50 Piece  Cartoon Stickers Waterproof DIY For Phones Laptop Car Sticker Creative Home Decal,No Brand,195,4.666666666666667,3
681,111517452,xLab 50gm Toner Refill for Brother Laser Printer (all Models),No Brand,199,4.333333333333333,6
682,178586000,Aluminum Alloy Metal Adjustable Laptop Stand for 10 to 17 Inches Macbook/Laptops/Tab,No Brand,401,4.563218390804598,87
683,159737194,Vestel ZAPP ZE101 Earbuds | Bluetooth 5.3 | Quad Mic ENC | 45ms Ultra-Low Latency | Deep Bass | True Bass Sound | BT Calling | IPX6 Waterproof | 40H Battery Life | 13mm Drivers | One-Touch Voice Assistant | Wireless Earbuds for Gaming & Music,,987,4.273291925465839,161
684,469573913,50 Piece Cute Style Demon Slayer Stickers Waterproof DIY For Phones Laptop Car Sticker Creative Home Decal,No Brand,195,,
685,130210250,"Guns N Roses Music Band Good Quality, Imported Decal Stickers For Motorbike, Scooter, Car, laptop",No Brand,49,5.0,5
686,503155391,50 Piece English Motivational Stickers Waterproof DIY For Phones Laptop Car Sticker Creative Home Decal,No Brand,195,5.0,0
687,121721665,Neckband,No Brand,905,3.5,6
688,272241895,50 Piece  Zoro Stickers Waterproof DIY For Phones Laptop Car Sticker Creative Home Decal,No Brand,195,5.0,3
689,130101741,"TP-Link Dual Band USB Adapter  Archer T2U Plus AC600 High Gain With 5dBi Antenna  200 Mbps on 2.4 GHz, 433 Mbps on 5 GHz Black",TP Link,3199,5.0,2
690,101702037,RJ45 CAT 5 CAT 6 LAN Network Ethernet Female to 2 x Female Plug Connector,No Brand,103,2.2,5
691,133095257,MILANG K6 Professional RGB Rainbow Backlit Gaming Mech Feel Keyboard,No Brand,698,4.469387755102041,49
692,104182273,Lenovo Usb Pin Charger,No Brand,894,4.647058823529412,17
693,127431407,Keycap Puller Switch Puller Stainless Steel Keycap Removal Tool with Keyboard Cleaning Brush for Mechanical Keyboard,No Brand,119,4.764705882352941,34
694,135726248,Dual Rechargeable Bluetooth and 2.4G Wireless Mouse 2 in 1 Mouse,No Brand,494.01,4.6103896103896105,154
695,134907762,High-Quality 1.5M Universal Desktop Power Cable with UK/EU Plug Compatibility,No Brand,88.3,5.0,4
696,100011017,TP-Link TL-WN722N Wireless Adapter | Ver 4.0 | 100% Genuine,TP Link,1479,4.467105263157895,152
697,130182585,8 in 1 Multiport Type C To USB-C 4K HDMI Adapter USB 3.0 Cable Hub,No Brand,1040,4.555555555555555,9
698,280469729,50 Piece Lyrics Stickers Waterproof DIY For Phones Laptop Car Sticker Creative Home Decal,No Brand,195,5.0,2
699,112118594,Kisonli U-2500 Bluetooth Usb 2.1 Portable Computer Speaker With Fm Black,No Brand,1247,4.230769230769231,13
700,279446533,"Artsy Home Vintage Dark Academia Laptop & Phone Decal Sticker Set 25/50pcs - Antique-Inspired, Skin Decals for MacBook/Pro",,199,5.0,3
701,126947630,50m Net Cable/Ethernet Cable - High Speed Data Transfer Cables Cat 6,No Brand,1115,3.6333333333333333,30
702,499307218,Pack of 2pcs 4in1fast charging cable (type-c/USB A/Lightning)Dual Type C PD 27W 65W Nylon Braided  Cable l Flat Braided i-phone charging cable with velcro Multi charging cable combo Type C/USB-A Port,No Brand,199,2.0,2
703,451872665,50 Piece Blue Ins Style Stickers Waterproof DIY For Phones Laptop Car Sticker Creative Home Decal,No Brand,195,1.0,1
704,107907546,V8 Live Sound Card Audio Interface With Sound Effects,No Brand,958.04,4.15,20
705,134707626,ONIKUMA K20 Professional Wired Gaming Headsets With Microphone &RGB Light,No Brand,1449,4.257142857142857,35
706,113660780,Replacement For Mi Band 3/4/5/6 Nylon Silicon Strap,No Brand,255,4.580645161290323,31
707,116892755,Apple iphone 11  Liquid Silicone Soft Cover Case -Microfiber Inside,No Brand,309,4.544378698224852,169
708,500509415,"Prime Picks Premium Wireless Mouse | MicroKingdom BT3000 Tri Mode Wireless Bluetooth Mouse | Rechargeable Optical Mouse with 2.4GHz, Bluetooth, and USB Receiver | 4 Button Keys, Adjustable DPI 1000-1600",No Brand,425,4.0,5
709,174267081,Apple iPhone 16 Pro (Small) & 16 Pro Max (Large) Liquid Silicone Soft Cover Case | Microfiber Inside,No Brand,327,4.8,55
710,366378180,USB C HUB USB 3.0 Type-C Hub Adapter  4 Ports Splitter for Computers,No Brand,399,5.0,2
711,459089986,"Portable WiFi, 300Mbps 4g LTE Mobile Hotspot, Hotspot Device with Sim Card Slot, Portable WiFi Hotspot for Travel, Mini Smart Pocket Router Built in 3000mah Lithium Battery",No Brand,3500,5.0,2
712,118266276,Cpu Fan Cooling Fan 12v Fan 2 pins cooling fan large size (4 inch) WILL BE SAME DESIGIN MAY NOT SAME BRAND WHICH IS SHOWN IN PICTURE.,No Brand,199,3.0,8
713,492408733,RTL8822CE 5G Dual-band Gigabit Built-in Wireless Network Card 5.1 Bluetooth M.2 1200M Suitable for Desktop Laptop Computers,No Brand,1027,,0
714,129829686,Replacement Silicone Strap For Xiaomi Mi Band 8,No Brand,399,4.0,8
715,122829825,Sleeve 15.6 Inch And Led Light Combo Set,No Brand,227,3.94,50
716,128229333,Ezeekart V8 Portable Audio Interface With Live Sound Effects,No Brand,949,4.25,4
717,188169370,50 Piece Taylor Swift Stickers Waterproof DIY For Phones Laptop Car Sticker Creative Home Decal,No Brand,195,5.0,2
718,347676506,"For Xiaomi Mi Band 8 / 9 Watch Bands, Adjustable Comfortable Sport Replacement Strap for Xiaomi Mi Band 8 Wristband Bracelet Band for Women Men",No Brand,475,4.0,3
719,129628878,Men's Office Bag Briefcase Bag File Bag Laptop Bag Travel Document Bag PU leather Side Bag,No Brand,1917,4.923076923076923,13
720,150348432,Arctic Hunter B00530 Waterproof Casual Backpack 15.6 Inch Laptop Backpack,No Brand,4000,4.818181818181818,11
721,120352168,Artsy Home 25/50pcs Colorful Flowers Stickers | Easy To Apply Matte Finish Stickers,,173,4.529411764705882,34
722,112827294,MINI DP Display Port to HDMI Converter Thunderbolt Adaptor with Audio Video Sync,No Brand,499,3.6666666666666665,6
723,131399294,"AP18E7M AP18E8M Battery for Acer Nitro 5 AN515-54 AN517-51 AN515-55 AN515-44 AN515-43 Nitro 7 AN715-51 Predator Helios 300 PH315-52 PH317-52 PH317-53,Triton 300 PT315-51 Aspire 7 A715-74G AN515-52",No Brand,6000,5.0,2
724,131380955,Range Extender Wireless Wifi Repeater 300 Mbps Router,No Brand,1111,3.75,8
725,127885350,Lb-Link W1210m Dual- Band 1200mbps 5G Router,No Brand,2699,4.333333333333333,18
726,100962291,High Definition Power Supply Cable Cord For Laptop Charger,No Brand,139,4.125,16
727,185108296,For Apple Airpods 4 Case Cover with Keychain TPU Black Second Generation Wireless Charging Cover,No Brand,699,5.0,1
728,128186147,60 Meter CAT6 Ethernet Internet cable with RJ45 connected With Boot Cover,No Brand,1450,4.318181818181818,22
729,105992124,POSO Laptop Backpack For Unisex - Black | Fashion Polyester Outer Cover Bag With Arcuate Shoulder Strap Backpack,POSO,3685,4.658823529411765,170
730,474801464,"A Nepali Band Stickers Pack of 25 – Waterproof for Laptop, Guitar, Bike & Bottles",No Brand,350,3.5,4
731,316347579,50 Piece Spy Family Stickers Waterproof DIY For Phones Laptop Car Sticker Creative Home Decal,No Brand,195,5.0,1
732,101674646,Home Wall Charger AC Adapter Power Supply Cord Cable For Sony PSP 1000 2000 3000 Slim EU / US Plug,No Brand,700,5.0,6
733,180296690,UGREEN 2 Mtr Type C Printer Cable,UGREEN,1045,5.0,1
734,100382373,Hdmi To Vga Converter With Aux Cable,No Brand,289,4.209302325581396,43
735,287805630,50 Piece Taylor Swift Stickers Waterproof DIY For Phones Laptop Car Sticker Creative Home Decal,No Brand,195,5.0,0
736,125358483,Hydrogel Screen Protector For Apple Watch Series 7 45mm,No Brand,174,5.0,1
737,104298030,"Farmasi Nail Polish Remover -  Apple, 100ml",,190,4.6,3
738,128034393,Kohana Portable and Detachable Laptop Stand - Made in Nepal,No Brand,599,4.6940298507462686,134
739,104028741,"3 In 1 Screen Cleaning Kit With Microfiber Cloth & Brush For Laptops,Mobiles,LCD,LED,Computers",No Brand,170,4.444444444444445,8
740,159829660,HDMI Male to VGA Female Video Cable Cord Converter Adapter For PC DVD HDTV 1080P,No Brand,299,4.916666666666667,12
741,123687177,Small Pin Laptop Charger,No Brand,899,4.133333333333334,15
742,104994920,"NEW Portable Laptop Bed Table, Adjustable Lap Desk, E Laptop stand, Notebook Stand Reading Holder ETc",No Brand,825,4.431818181818182,44
743,112027108,Laptop Inner Soft Cover 15.6 Inch,No Brand,320,4.625,8
744,127796930,USB Bluetooth 5.0 Adapter Transmitter Bluetooth Receiver Audio Bluetooth Dongle Wireless USB Adapter for Computer PC Laptop c,No Brand,393,4.428571428571429,7
745,156489785,Aitnt Gaming Mouse With RGB LED,No Brand,193,4.333333333333333,6
746,127353994,85W Charge 3.0 Charger Type-C Cable Turbo Charger,No Brand,423,3.4285714285714284,77
747,127809549,"Video Capture Card, 1080P HDMI Capture Card - HDMI to USB 2.0 Video Capture Device for Live Streaming, Broadcasting, Game Recording, Video Conference",No Brand,1100,5.0,1
748,128210151,20m Ethernet Cable Male to Male Link Network LAN Cable Patch Cord Connector Internet Extension Cables,No Brand,345,5.0,5
749,335219935,Type C to Type C Fast Charge Nylon Braided 2m Long Cable for laptop and Mobile Devices and Tablet Charging Long Lasting Durable,No Brand,900,4.75,3
750,29988,"Canon CL-746S (Colour) Ink Cartridge For Canon MG2570S, MG3070S, TS207, MG2570, MG2470, iP2870 Printers",Canon,1800,4.435483870967742,62
751,127135811,Dual Band Usb Wifi Adapter 2.4GHZ & 5GHZ,No Brand,850,4.592592592592593,27
752,29995,"Canon GI-790 PGBK (Black) Ink Bottle For G4010, G3010, G2010, G1010, G4000, G3000, G2000, G1000 Printers",Canon,1200,4.966666666666667,30
753,135121989,RJ 45 Connector Set of 25pcs,No Brand,93,5.0,2
754,108318885,Mheecha Boulder Deep Teal / Ice Grey for Men and Women Backpack | Fashion Unisex Backpack With Laptop Compartment,,2750,4.78125,224
755,123826838,High-Speed 10m CAT5e Ethernet Cable - Durable LAN Network Lead for Smooth Internet Connection - New,No Brand,194,4.296296296296297,27
756,120605480,Glass+Cover For Apple Watch Ultra case 49mm Bumper Tempered Screen Protector,No Brand,550,3.4,5
757,100934592,Mp Normal Mouse Pad,No Brand,87,4.376623376623376,154
758,389793329,50 Piece Hello Kitty Stickers Waterproof DIY For Phones Laptop Car Sticker Creative Home Decal,No Brand,195,5.0,2
759,131290271,Korean Horizontal Sling Bag For Men,No Brand,848,4.642857142857143,14
760,128041748,"1pcs Monster 5.5/4cm Sticker For Mobile, Laptop, Bike, Scooter And Car",No Brand,99,3.4,10
761,275149860,"5 in 1 Mobile Game Combo Pack with RGB Mini Gaming Keyboard & Mouse & Mobile Holder ,Gaming adapter with mobile game converter for Android",No Brand,2849,5.0,2
762,100104603,TP-Link SF1005D 5-Port Desktop Switch,TP Link,1125,4.714285714285714,5
763,111806,14.6 Inch Sleeve Case Cover And Led Light Combo,No Brand,190,4.057471264367816,174
764,128211342,"B7000 (50ml) Multi-Purpose Adhesives Glue for Display Repairing Laptop, Mobile, Jewelry Stone",No Brand,179,4.75,4
765,130087377,Shining Fashionable Wire And Data Cable Protector/Saver,No Brand,96,4.384615384615385,26
766,111799569,44mm 3D Curved Edge Tempered Glass Screen Protector For Apple Watch Series 4 44mm,No Brand,125,3.0,2
767,129379204,"Laptop Stand, Laptop Holder Riser Computer Tablet Stand, 6 Angles Adjustable Aluminum",No Brand,392,4.375,56
768,128521583,15m Router Internet Patch Lead LAN Ethernet Network Cable,No Brand,183,2.857142857142857,7
769,127613572,Educational Laptop For Kids Abc And 123 Learning,No Brand,392,4.290322580645161,31
770,100990160,SUPER CLEANING SUIT SCREEN CLEANER KIT,No Brand,223,4.75,4
771,292993690,Multi-Purpose Laptop Table Stand/Study Table,No Brand,779,5.0,1
772,29865,Laptop Inner Soft Bag 15 Inch,No Brand,156,4.550724637681159,69
773,105434323,Portable Fan Mini Fan Mini Portable Usb Rechargeable Fan,No Brand,249,4.236024844720497,161
774,128223057,"ESONIC H61 Motherboard with M.2 NVMe SSD Slot, Supports 2nd & 3rd Gen Processor",ESONIC,2399,4.6521739130434785,23
775,124766993,"Apple iPhone 12 / iPhone 12 Pro (Same Size-6.1"" Screen) Liquid Silicone Soft Cover Case | Microfiber Inside",No Brand,285,4.43609022556391,133
776,129831761,300Mbps LB-LINK  Wireless AP Router Repeater Adapter Wi-Fi Coverage Extender,No Brand,1799,5.0,13
777,117056255,Thermal Paste Heat Transfer Grease Heat Sink Cpu Gpu Chipset Notebook Computer Cooling Syringe,No Brand,169,4.230769230769231,13
778,127951663,Monitor 24'' Full HD IPS (1920x1080) AMD FreeSync Borderless HDMI And Vga Port,No Brand,10058.04,4.678571428571429,28
779,116513345,Dell Orignal Battery M5Y1K Inspiron 5558 3458 3558 3551 5558 3451 5758 Vostro 3458 3558 40Whb 14.8V 2700mAh,No Brand,3800,4.32258064516129,31
780,128304137,"Arsenal Football Club A4 Size (7 x 10.5 Inch) Good Quality, Imported Decal Stickers For Motorbike, Scooter, Car, laptop",No Brand,130,5.0,2
781,290701448,Artsy Home Spiderman Decal Stickers 25/50pcs - New Cartoon Superhero Laptop & Phone Skin Accessories,,199,5.0,2
782,465218080,SOME BY MI RETINOL INTENSE ADVANCED TRIPLE ACTION EYE CREAM,No Brand,539,3.75,8
783,124893216,Cpu Cooling FAN,No Brand,349,4.222222222222222,9
784,129559609,Rainbow RGB Backlit Wired Gaming Mechanical Keyboard and Mouse With Combo,No Brand,1163,4.178571428571429,28
785,129292557,"Yoshimura And Mix (8 x 11 Inch) Good Quality, Imported Decal Stickers For Motorbike, Scooter, Car, laptop",No Brand,175,4.857142857142857,14
786,127858952,HDMI Splitter 1x 4 Out,No Brand,1050,5.0,4
787,276178305,50 Piece  Snacks Stickers Waterproof DIY For Phones Laptop Car Sticker Creative Home Decal,No Brand,195,5.0,2
788,122965458,Original Laptop Charger For Lenovo Type-c 45 Watt,No Brand,1500,5.0,3
789,363859410,Silicon Breathable Braided Case Cover for Apple AirPods Pro 2 | Soft TPU Cover for Ultimate Protection | Stylish Charging Box Bags | Lightweight & Durable Design | Enhanced Grip & Comfort | Perfect Fit for AirPods Pro 2 | Ideal Accessory for Everyday Use,No Brand,201,4.6,5
790,104804900,HDD Caddy 9.5mm Original SATA Optical UltraBay 2nd Hard Drive Caddy with SSD or HDD for 9.5mm Universal CD/DVD Slot,No Brand,181.26,4.424242424242424,99
791,105497000,Soft Silicon Strap For Xiaomi Mi Band 4 Or Mi Band 3,No Brand,136.18,4.420765027322404,183
792,129907467,Everesco Eveo Lite Laptop Backpack,,1990,4.651162790697675,43
793,129350341,Laptop Bracket Mobile Phone Tablet Mount 360° Rotating Foldable Metal Multifunctional Desktop Lazy Holder Accessories,No Brand,891.1,3.0,1
794,29869,Combo Of Vga And Power Cable For Computer Cpu Monitor Cable,No Brand,155,4.037037037037037,27
795,111233959,Dc Adapter Ac To Dc 12V 2A,No Brand,309,4.461538461538462,13
796,128173021,Mi Watch 3 Active Full Glue Curved Clear Flexible Screen Protector,No Brand,142,4.5,10
797,411615679,Mi Band Nylon Silicon Strap for Band 3/4/5/6,No Brand,199,4.666666666666667,3
798,100892806,"Wireless Mouse, Slim Rechargeable Wireless Silent Mouse, 2.4G Portable USB Optical Wireless Mouse",No Brand,395,4.392857142857143,28
799,155635408,Original Power  Cable For Laptop Three Pin Black In Color,No Brand,195,5.0,2
800,101422437,USB 2.0 Flash Drive BAR 32GB,No Brand,735,3.2857142857142856,6
